row_id,split
8204,train
8372,train
292,train
4460,train
6499,train
9170,train
3240,train
8018,train
8410,train
4016,train
2938,train
5329,train
2425,train
3312,train
2076,train
5179,train
5155,train
8400,train
8274,train
8640,train
8529,train
5413,train
2407,train
8174,train
4263,train
8800,train
1613,train
3186,train
7224,train
4040,train
6510,train
1634,train
863,train
3024,train
6050,train
7864,train
7465,train
3840,train
3891,train
5873,train
9358,train
9820,train
8629,train
3889,train
1880,train
5061,train
8623,train
9873,train
642,train
8468,train
9357,train
9128,train
1517,train
3611,train
8728,train
4526,train
3767,train
1175,train
2623,train
3943,train
2695,train
8627,train
661,train
7168,train
702,train
6720,train
9417,train
5343,train
8770,train
7487,train
3107,train
2467,train
8495,train
4937,train
8501,train
8517,train
7197,train
3173,train
9198,train
3258,train
1486,train
9543,train
492,train
4280,train
8924,train
8595,train
8318,train
4260,train
5639,train
4225,train
533,train
5519,train
1414,train
4365,train
6086,train
688,train
920,train
2690,train
424,train
3313,train
8970,train
7856,train
9832,train
6508,train
3872,train
678,train
30,train
8089,train
2976,train
7592,train
8401,train
7818,train
9654,train
4651,train
7676,train
6221,train
5223,train
2194,train
9988,train
5132,train
8073,train
6918,train
6260,train
286,train
7167,train
6991,train
7546,train
412,train
4094,train
1963,train
9637,train
9100,train
2281,train
6896,train
9176,train
519,train
9911,train
7184,train
6087,train
6959,train
8267,train
6465,train
775,train
8953,train
8155,train
4919,train
9040,train
4992,train
5763,train
5055,train
67,train
3554,train
5657,train
3103,train
4320,train
7635,train
7604,train
3535,train
6543,train
4911,train
5524,train
4047,train
7234,train
7122,train
5929,train
6277,train
6855,train
8809,train
3272,train
1537,train
958,train
2139,train
1970,train
1076,train
6308,train
8296,train
5380,train
8,train
3042,train
8435,train
1382,train
4177,train
139,train
4313,train
2562,train
9249,train
6807,train
5230,train
9219,train
4163,train
297,train
9666,train
2058,train
4818,train
3209,train
2722,train
8413,train
307,train
4894,train
8526,train
9551,train
3211,train
7198,train
8768,train
496,train
5942,train
2431,train
6795,train
26,train
8430,train
207,train
4589,train
1178,train
1154,train
63,train
1386,train
2311,train
6069,train
2728,train
5247,train
7831,train
2797,train
2365,train
1501,train
8219,train
9024,train
7686,train
2018,train
1790,train
4897,train
4900,train
687,train
195,train
6165,train
6756,train
822,train
2109,train
6195,train
4144,train
1777,train
9002,train
6700,train
8486,train
1514,train
880,train
8836,train
4602,train
7732,train
8187,train
4239,train
6766,train
7229,train
4958,train
4898,train
2923,train
8816,train
462,train
5410,train
566,train
5373,train
6459,train
2327,train
1456,train
2434,train
5437,train
4666,train
5486,train
5765,train
4266,train
5537,train
2400,train
1993,train
7882,train
944,train
4832,train
3129,train
5306,train
3744,train
6142,train
6696,train
4827,train
1633,train
3241,train
5622,train
5990,train
3491,train
5851,train
4262,train
3555,train
6772,train
9537,train
8153,train
12,train
9012,train
6099,train
8303,train
9853,train
4513,train
1336,train
1688,train
4124,train
5004,train
4850,train
8977,train
393,train
3546,train
9657,train
1497,train
8373,train
4836,train
3578,train
7703,train
4852,train
5021,train
9336,train
100,train
2478,train
9041,train
2088,train
2880,train
6259,train
7136,train
4729,train
5240,train
2670,train
5308,train
703,train
8778,train
6611,train
2335,train
4302,train
4045,train
8550,train
7998,train
16,train
6100,train
4840,train
7099,train
4022,train
9619,train
2630,train
4999,train
3526,train
6668,train
5575,train
526,train
857,train
7670,train
9944,train
7901,train
7837,train
4089,train
4377,train
7462,train
4847,train
0,train
9593,train
7514,train
7824,train
7286,train
1829,train
7535,train
8739,train
5535,train
6054,train
8241,train
7876,train
3462,train
8936,train
2968,train
7875,train
5674,train
1722,train
1779,train
7695,train
9250,train
4724,train
4432,train
6334,train
6137,train
3177,train
3748,train
2850,train
473,train
8841,train
4455,train
2286,train
641,train
8815,train
9195,train
2297,train
8094,train
3372,train
2919,train
5506,train
8830,train
7959,train
2354,train
1131,train
5605,train
6694,train
1151,train
538,train
9436,train
8613,train
650,train
1878,train
5558,train
8383,train
5332,train
1533,train
8568,train
834,train
2552,train
1588,train
7581,train
578,train
8679,train
2447,train
124,train
1825,train
4545,train
3612,train
2834,train
6384,train
1653,train
4527,train
9078,train
8259,train
1440,train
3333,train
824,train
9362,train
5180,train
4608,train
7804,train
733,train
8333,train
7107,train
1357,train
5065,train
9010,train
6027,train
4853,train
830,train
6051,train
4771,train
905,train
7186,train
8265,train
4005,train
6980,train
5412,train
2772,train
345,train
4464,train
243,train
5564,train
7438,train
6965,train
6847,train
469,train
7126,train
4341,train
24,train
8626,train
5960,train
1042,train
707,train
2579,train
9359,train
4925,train
2705,train
2329,train
3736,train
9060,train
8796,train
3656,train
6041,train
1249,train
5865,train
6185,train
8282,train
9949,train
7776,train
4051,train
349,train
5494,train
5982,train
2217,train
4221,train
6829,train
1476,train
8585,train
1186,train
6224,train
5509,train
5248,train
9680,train
91,train
486,train
9177,train
2999,train
9549,train
1407,train
6770,train
9378,train
1237,train
399,train
1001,train
2216,train
5382,train
9562,train
3589,train
7495,train
7803,train
3610,train
2292,train
346,train
4328,train
9257,train
7076,train
1597,train
9860,train
2208,train
7189,train
4719,train
316,train
7900,train
7665,train
6589,train
1951,train
1177,train
8978,train
7716,train
7486,train
1511,train
7329,train
8637,train
6550,train
9582,train
8564,train
8416,train
2621,train
5906,train
8017,train
801,train
6098,train
9403,train
7491,train
2724,train
6159,train
1205,train
1383,train
6911,train
4603,train
3753,train
3741,train
3749,train
2859,train
6607,train
3826,train
2351,train
718,train
2642,train
4277,train
967,train
1507,train
8336,train
2157,train
6395,train
8342,train
1988,train
3967,train
2503,train
9240,train
3165,train
4276,train
86,train
25,train
5933,train
7631,train
5151,train
7372,train
2284,train
7632,train
9491,train
4499,train
3282,train
9841,train
1393,train
7601,train
2512,train
6254,train
2716,train
5099,train
3094,train
6914,train
9244,train
605,train
7606,train
6417,train
1711,train
5071,train
280,train
2107,train
6327,train
2379,train
8871,train
5455,train
3976,train
3808,train
1684,train
4441,train
7387,train
9172,train
9447,train
2488,train
946,train
8368,train
1103,train
7308,train
4072,train
7722,train
2352,train
8984,train
1133,train
2692,train
1529,train
6092,train
9058,train
4943,train
6187,train
8798,train
4770,train
5007,train
3403,train
9600,train
6198,train
7889,train
6422,train
2120,train
7554,train
1459,train
3383,train
7190,train
7282,train
1535,train
753,train
714,train
5910,train
957,train
9797,train
1620,train
793,train
2535,train
1961,train
6229,train
3046,train
8559,train
8117,train
391,train
8310,train
6156,train
7158,train
5245,train
5551,train
583,train
6656,train
8657,train
9220,train
4959,train
4518,train
9262,train
3169,train
563,train
7067,train
1135,train
3219,train
4835,train
6878,train
8508,train
9926,train
7411,train
1934,train
123,train
5889,train
9017,train
3739,train
3296,train
2412,train
9669,train
2226,train
4215,train
8902,train
5947,train
1933,train
3563,train
295,train
7741,train
9178,train
9352,train
3230,train
5849,train
2794,train
6425,train
2629,train
8239,train
6673,train
3387,train
5884,train
5604,train
5785,train
6661,train
963,train
4006,train
2530,train
927,train
8453,train
8121,train
2276,train
3324,train
9380,train
77,train
8473,train
7715,train
3705,train
2875,train
5447,train
6382,train
1128,train
4683,train
1569,train
4021,train
7789,train
4356,train
5869,train
2449,train
792,train
5216,train
1810,train
6525,train
9068,train
3268,train
2422,train
8128,train
1075,train
3112,train
3507,train
6898,train
3985,train
7691,train
5598,train
3079,train
1707,train
8350,train
2078,train
1220,train
4782,train
581,train
7866,train
3050,train
2871,train
5648,train
4820,train
3380,train
6595,train
6318,train
4003,train
2312,train
2211,train
7579,train
4785,train
8868,train
8161,train
8757,train
1815,train
5715,train
8224,train
1143,train
4285,train
1641,train
3235,train
1269,train
1804,train
2307,train
4074,train
5135,train
698,train
3018,train
2594,train
7812,train
3512,train
7273,train
8292,train
9039,train
8072,train
2462,train
9933,train
8268,train
9453,train
7425,train
9642,train
5971,train
9946,train
2532,train
2167,train
7623,train
8808,train
5926,train
5948,train
6940,train
888,train
2984,train
9602,train
760,train
8635,train
3471,train
6045,train
408,train
5094,train
2682,train
4640,train
2527,train
5963,train
1816,train
6836,train
9470,train
1065,train
2687,train
8231,train
5490,train
6170,train
3848,train
5311,train
5008,train
3925,train
1330,train
6823,train
5680,train
1239,train
7070,train
5334,train
1072,train
7958,train
1467,train
2777,train
3060,train
2926,train
4018,train
1156,train
919,train
7542,train
83,train
6637,train
2065,train
1018,train
9096,train
6483,train
2014,train
8938,train
5229,train
4498,train
5298,train
4207,train
71,train
7721,train
1746,train
690,train
4178,train
1071,train
2083,train
3101,train
301,train
1388,train
348,train
1740,train
5027,train
740,train
2688,train
2736,train
3175,train
1211,train
3522,train
2901,train
8403,train
282,train
265,train
6115,train
1700,train
6119,train
831,train
3849,train
8876,train
2996,train
7338,train
9356,train
5579,train
8396,train
1333,train
3685,train
8639,train
547,train
5481,train
5491,train
1474,train
2620,train
9901,train
3479,train
5950,train
6532,train
8665,train
1888,train
8322,train
5711,train
3123,train
8872,train
6800,train
5646,train
3601,train
2253,train
8680,train
1971,train
2951,train
1913,train
5232,train
8406,train
5521,train
8331,train
3145,train
2898,train
739,train
6926,train
864,train
9631,train
6457,train
1842,train
2909,train
3430,train
9335,train
5492,train
7922,train
1285,train
8242,train
5858,train
4997,train
5573,train
9927,train
6774,train
2233,train
5381,train
741,train
7392,train
2689,train
3968,train
1046,train
1573,train
8758,train
8159,train
3174,train
2619,train
5952,train
2649,train
9165,train
6735,train
6678,train
8461,train
7204,train
1048,train
8705,train
682,train
4140,train
6812,train
1539,train
4989,train
255,train
4295,train
5242,train
2877,train
9938,train
1676,train
64,train
3466,train
4396,train
3140,train
8851,train
9748,train
6921,train
3286,train
3875,train
9580,train
8344,train
6106,train
4346,train
263,train
4615,train
4399,train
75,train
6366,train
3142,train
4597,train
3713,train
9625,train
1646,train
8387,train
5611,train
8421,train
4408,train
9203,train
1540,train
7734,train
7783,train
3464,train
3813,train
1240,train
4581,train
3478,train
2315,train
5629,train
2953,train
8223,train
6580,train
4633,train
8771,train
6189,train
2342,train
1004,train
6218,train
9361,train
251,train
3650,train
2177,train
1221,train
1008,train
4647,train
4300,train
466,train
3077,train
8733,train
949,train
2663,train
9970,train
3481,train
326,train
7599,train
3093,train
6399,train
5002,train
3015,train
1923,train
4868,train
1698,train
1340,train
5143,train
3834,train
468,train
5484,train
3690,train
5253,train
2634,train
6577,train
4514,train
7669,train
9822,train
9000,train
928,train
366,train
7106,train
7244,train
5736,train
9227,train
8202,train
7847,train
7096,train
4219,train
208,train
8661,train
2696,train
439,train
9026,train
3560,train
7917,train
4579,train
5599,train
9027,train
695,train
6191,train
5659,train
7238,train
1608,train
5613,train
9399,train
8172,train
5374,train
6477,train
7957,train
6585,train
1284,train
2049,train
7560,train
8621,train
1621,train
5552,train
6414,train
2889,train
5835,train
9196,train
7688,train
7660,train
7275,train
6083,train
8338,train
4642,train
5833,train
7780,train
3576,train
9273,train
8709,train
7467,train
9493,train
3162,train
4977,train
6781,train
1864,train
5187,train
4195,train
7014,train
2219,train
781,train
5768,train
4969,train
4773,train
8328,train
4549,train
1565,train
9162,train
5220,train
3577,train
4563,train
7646,train
9630,train
5344,train
5411,train
3195,train
6899,train
8024,train
4906,train
9754,train
6171,train
3304,train
8498,train
8632,train
9923,train
5238,train
350,train
6964,train
68,train
6977,train
3063,train
4282,train
9659,train
8190,train
2452,train
1689,train
9205,train
2983,train
2632,train
5370,train
2200,train
446,train
7089,train
396,train
2748,train
6476,train
2362,train
8092,train
7935,train
1967,train
2273,train
6376,train
4874,train
6478,train
9903,train
7663,train
1751,train
465,train
7348,train
1855,train
3921,train
2231,train
2524,train
5925,train
2598,train
1902,train
7559,train
5033,train
1909,train
8299,train
4800,train
5895,train
2825,train
6350,train
6340,train
5959,train
4923,train
3418,train
6446,train
2149,train
6551,train
5578,train
1027,train
6336,train
5333,train
6475,train
3490,train
5722,train
7160,train
4298,train
3402,train
5937,train
9667,train
9569,train
1377,train
1947,train
9993,train
5125,train
968,train
7179,train
1776,train
2019,train
5684,train
5818,train
8235,train
1714,train
8974,train
4831,train
3205,train
2259,train
2848,train
665,train
3747,train
774,train
2418,train
8051,train
8122,train
614,train
8497,train
5962,train
1369,train
3751,train
1906,train
4660,train
2757,train
1057,train
7813,train
672,train
6036,train
7170,train
4746,train
9279,train
9795,train
4799,train
9878,train
4340,train
3556,train
5570,train
2860,train
3534,train
2857,train
4206,train
3125,train
8660,train
6652,train
3954,train
1798,train
4932,train
2136,train
4552,train
8946,train
9194,train
3,train
510,train
8434,train
1257,train
2326,train
6710,train
9090,train
7698,train
910,train
4965,train
8040,train
5199,train
184,train
2341,train
416,train
1417,train
8593,train
4738,train
1510,train
147,train
2406,train
7521,train
7689,train
1601,train
2282,train
536,train
522,train
4955,train
9914,train
7380,train
6854,train
8367,train
7930,train
5669,train
7191,train
4048,train
7933,train
3649,train
1182,train
8528,train
9942,train
9095,train
2183,train
4146,train
9156,train
4915,train
102,train
3871,train
5592,train
1070,train
9021,train
1818,train
9430,train
9180,train
8608,train
4210,train
5159,train
9524,train
6068,train
4762,train
2573,train
1528,train
1124,train
4151,train
8650,train
1494,train
4795,train
6231,train
4890,train
8210,train
6214,train
8781,train
4448,train
9929,train
9629,train
9979,train
5796,train
2436,train
3281,train
800,train
6796,train
4445,train
442,train
5431,train
1778,train
4193,train
6777,train
4653,train
85,train
5167,train
9325,train
6441,train
9063,train
3981,train
1016,train
9480,train
2641,train
5520,train
6749,train
9780,train
457,train
6298,train
7239,train
5946,train
2038,train
8217,train
5137,train
7006,train
5767,train
6391,train
7450,train
2753,train
191,train
220,train
9550,train
929,train
9916,train
7343,train
657,train
2465,train
1870,train
2291,train
5966,train
5810,train
2468,train
4928,train
7034,train
9515,train
4807,train
1663,train
9052,train
8277,train
6190,train
3809,train
107,train
4204,train
1389,train
625,train
4228,train
8484,train
4220,train
4090,train
8492,train
116,train
1489,train
2145,train
2653,train
3742,train
9726,train
487,train
8806,train
6659,train
9632,train
6242,train
8319,train
5462,train
9274,train
524,train
8287,train
8113,train
1454,train
5081,train
1342,train
6412,train
6272,train
2098,train
8718,train
5426,train
406,train
5710,train
5465,train
8050,train
6349,train
19,train
9239,train
1401,train
6688,train
3999,train
9500,train
9826,train
6320,train
7970,train
1317,train
1499,train
7451,train
1585,train
5804,train
5921,train
3647,train
6592,train
6633,train
5361,train
4443,train
3228,train
5989,train
1762,train
1498,train
8063,train
5544,train
3972,train
3511,train
7058,train
6614,train
1015,train
9080,train
2626,train
4946,train
1995,train
6904,train
3178,train
708,train
8297,train
5183,train
1513,train
1554,train
8899,train
82,train
5511,train
9179,train
9192,train
9281,train
6736,train
3615,train
4154,train
383,train
4410,train
557,train
4813,train
9828,train
2479,train
3072,train
1155,train
4870,train
7610,train
9495,train
7969,train
2882,train
3704,train
705,train
5280,train
6545,train
8555,train
3338,train
7622,train
9145,train
9775,train
3204,train
3200,train
6300,train
7023,train
1061,train
4325,train
435,train
955,train
6851,train
5418,train
607,train
9210,train
3370,train
8499,train
4354,train
2121,train
9767,train
8589,train
5076,train
1651,train
6424,train
3521,train
9787,train
9821,train
9143,train
9418,train
9048,train
1318,train
5725,train
3087,train
9334,train
227,train
5107,train
9525,train
2317,train
6753,train
1116,train
4056,train
1536,train
2306,train
2439,train
2073,train
2845,train
490,train
2991,train
1795,train
7394,train
7913,train
7692,train
371,train
6192,train
9869,train
4995,train
2020,train
6568,train
1218,train
5995,train
5608,train
2246,train
8910,train
8026,train
7422,train
8696,train
5626,train
3518,train
1230,train
9872,train
4184,train
3599,train
8034,train
1930,train
5174,train
6291,train
9171,train
5867,train
3343,train
3356,train
9882,train
817,train
329,train
3442,train
4361,train
4150,train
6309,train
7296,train
3033,train
8487,train
6649,train
2529,train
2900,train
9277,train
3675,train
5822,train
455,train
3774,train
736,train
1885,train
2204,train
480,train
9947,train
2738,train
6246,train
4039,train
4190,train
4168,train
3798,train
8897,train
3100,train
7756,train
2947,train
6255,train
693,train
7138,train
8046,train
4338,train
2701,train
4611,train
1360,train
5339,train
3266,train
9494,train
8216,train
7636,train
3182,train
9892,train
6200,train
9725,train
5249,train
7747,train
7832,train
815,train
7819,train
4809,train
2720,train
2709,train
9093,train
4186,train
3906,train
1794,train
6125,train
8599,train
9341,train
5729,train
3903,train
9326,train
3635,train
988,train
1943,train
9007,train
8456,train
3633,train
7267,train
6713,train
5998,train
5752,train
8576,train
9890,train
8646,train
5215,train
3689,train
4087,train
8822,train
7235,train
302,train
1895,train
4644,train
878,train
6743,train
2617,train
7793,train
389,train
9819,train
7315,train
9752,train
3979,train
971,train
4907,train
639,train
4029,train
6010,train
3275,train
6228,train
4110,train
3189,train
9098,train
7877,train
9838,train
3702,train
2851,train
7618,train
4127,train
7164,train
2944,train
6643,train
5723,train
9213,train
4009,train
4477,train
4634,train
7165,train
4424,train
5384,train
6956,train
9233,train
2125,train
4728,train
8375,train
1931,train
6097,train
2959,train
722,train
414,train
7005,train
5053,train
6761,train
4116,train
7091,train
6226,train
7471,train
9321,train
5919,train
3365,train
8566,train
7360,train
1179,train
9209,train
8546,train
3322,train
5618,train
4185,train
5435,train
2300,train
3035,train
6726,train
4924,train
1485,train
9086,train
1462,train
9859,train
9285,train
6031,train
3489,train
2328,train
8173,train
9084,train
8255,train
8915,train
1161,train
5469,train
50,train
3857,train
3253,train
3750,train
6418,train
1674,train
3349,train
1081,train
3385,train
3607,train
3078,train
882,train
6443,train
9284,train
6599,train
1875,train
6488,train
9591,train
66,train
8634,train
7795,train
6528,train
4858,train
4077,train
3317,train
8734,train
1761,train
4174,train
1447,train
6324,train
1577,train
8955,train
9896,train
1991,train
5309,train
192,train
4649,train
8388,train
8327,train
3890,train
3817,train
6858,train
6610,train
343,train
2492,train
3706,train
3604,train
185,train
3157,train
1826,train
9653,train
8399,train
9330,train
3532,train
615,train
5585,train
9965,train
8545,train
8457,train
8715,train
3325,train
69,train
4675,train
145,train
5341,train
4153,train
9661,train
4935,train
5407,train
4293,train
1526,train
6515,train
6219,train
2575,train
4521,train
8562,train
5930,train
9382,train
2798,train
8763,train
1248,train
9163,train
1628,train
3588,train
8263,train
5632,train
860,train
1748,train
559,train
6832,train
904,train
264,train
4199,train
3092,train
8071,train
6877,train
3789,train
1752,train
6985,train
1049,train
1113,train
5686,train
3680,train
7131,train
3530,train
2265,train
7306,train
5114,train
3540,train
3746,train
2455,train
4854,train
7072,train
3828,train
9117,train
7971,train
4024,train
2960,train
4303,train
8789,train
4447,train
6017,train
4014,train
6676,train
4986,train
5922,train
836,train
1291,train
7862,train
5566,train
4613,train
7846,train
2483,train
7977,train
5064,train
3284,train
2821,train
4131,train
3800,train
5320,train
1979,train
646,train
7910,train
7833,train
5317,train
382,train
8535,train
9415,train
1629,train
72,train
7021,train
5368,train
5414,train
3467,train
9710,train
1949,train
876,train
4774,train
4493,train
8952,train
2550,train
6521,train
9373,train
237,train
1986,train
8973,train
5066,train
252,train
7375,train
8123,train
9899,train
4917,train
2268,train
7925,train
1348,train
1148,train
8995,train
7728,train
4440,train
3559,train
4539,train
3054,train
6701,train
4375,train
370,train
8451,train
4491,train
6890,train
5100,train
9265,train
6079,train
6199,train
8004,train
5254,train
3180,train
7001,train
2480,train
790,train
7633,train
7687,train
6500,train
4643,train
7361,train
2592,train
4532,train
8903,train
178,train
5652,train
7260,train
7994,train
1862,train
5545,train
1770,train
1125,train
3220,train
6632,train
1120,train
9045,train
5442,train
3435,train
5737,train
4172,train
9791,train
3524,train
5831,train
858,train
7208,train
7517,train
856,train
8271,train
5836,train
7533,train
4000,train
2697,train
4362,train
311,train
1730,train
8452,train
6671,train
1305,train
4586,train
5140,train
2224,train
1493,train
3431,train
3161,train
8587,train
892,train
2661,train
1920,train
1834,train
730,train
1987,train
9444,train
7453,train
8273,train
3928,train
9303,train
8086,train
4918,train
4197,train
509,train
2321,train
9429,train
1279,train
5362,train
5667,train
2515,train
1877,train
9510,train
9115,train
1699,train
1132,train
5398,train
4739,train
3331,train
320,train
6578,train
5163,train
9412,train
3480,train
7962,train
7130,train
8949,train
762,train
4463,train
4301,train
4557,train
9216,train
5977,train
2540,train
6271,train
6066,train
6905,train
3486,train
6620,train
8558,train
2698,train
1654,train
340,train
4522,train
7975,train
3641,train
6471,train
6216,train
5756,train
3243,train
1185,train
7547,train
9094,train
6131,train
4759,train
3439,train
8814,train
6888,train
634,train
3332,train
5394,train
5845,train
7029,train
5603,train
7817,train
179,train
5312,train
5035,train
1929,train
2521,train
5141,train
8141,train
4893,train
5662,train
8010,train
8325,train
1522,train
2410,train
1766,train
3397,train
4489,train
444,train
507,train
2408,train
2734,train
1992,train
8818,train
4688,train
2374,train
7859,train
2780,train
3899,train
8668,train
1005,train
2040,train
8797,train
9761,train
3564,train
6901,train
7948,train
1801,train
2509,train
5500,train
752,train
1638,train
3948,train
6374,train
8571,train
303,train
6249,train
8049,train
6394,train
8408,train
3276,train
7990,train
4737,train
3904,train
9570,train
2513,train
4165,train
2853,train
2202,train
3874,train
6748,train
3114,train
5016,train
7247,train
6209,train
6225,train
5261,train
7644,train
9258,train
7065,train
7432,train
7418,train
8850,train
4872,train
23,train
952,train
6375,train
4819,train
1491,train
1718,train
3396,train
3933,train
5393,train
3135,train
3673,train
9526,train
9140,train
4252,train
4558,train
9721,train
4686,train
8376,train
5507,train
868,train
1216,train
8164,train
3550,train
9355,train
6679,train
7759,train
34,train
8186,train
7836,train
8929,train
6486,train
1363,train
1159,train
258,train
8892,train
1055,train
2243,train
4716,train
8772,train
9421,train
8443,train
2819,train
322,train
3737,train
7549,train
7426,train
5554,train
999,train
4780,train
432,train
7049,train
7003,train
6474,train
1774,train
6362,train
6436,train
4803,train
6004,train
1945,train
8261,train
680,train
1836,train
6081,train
5059,train
7437,train
7391,train
2840,train
9070,train
6691,train
6902,train
2316,train
3437,train
3726,train
6002,train
5420,train
2799,train
2295,train
4797,train
4115,train
37,train
7608,train
9120,train
7202,train
5607,train
8477,train
5036,train
6974,train
5584,train
2399,train
4387,train
1021,train
3732,train
4609,train
5173,train
8237,train
7371,train
3023,train
78,train
8840,train
5359,train
3514,train
9681,train
4189,train
3827,train
5798,train
9370,train
5943,train
9991,train
7658,train
6682,train
9560,train
3379,train
1935,train
1852,train
1952,train
5236,train
969,train
8152,train
3959,train
838,train
1215,train
3501,train
7699,train
4957,train
701,train
4309,train
4829,train
321,train
3621,train
6835,train
742,train
8874,train
6574,train
9013,train
4380,train
1335,train
6806,train
1252,train
1530,train
551,train
222,train
7178,train
8096,train
9639,train
3587,train
5063,train
500,train
6433,train
2367,train
4783,train
8641,train
4230,train
6789,train
8729,train
9050,train
7949,train
4086,train
5924,train
5901,train
7626,train
5189,train
2958,train
2310,train
8773,train
317,train
1696,train
46,train
6466,train
9605,train
4183,train
1851,train
7899,train
2356,train
5338,train
8833,train
1814,train
6527,train
6556,train
4137,train
8860,train
4506,train
7427,train
6410,train
6169,train
2278,train
7802,train
2389,train
1534,train
4655,train
1483,train
9072,train
368,train
4740,train
6270,train
936,train
9252,train
8177,train
4808,train
696,train
3880,train
5730,train
7323,train
5956,train
4680,train
9409,train
1767,train
9825,train
7548,train
6439,train
2622,train
394,train
7444,train
8142,train
1495,train
5879,train
2477,train
4390,train
5108,train
8624,train
2132,train
3287,train
594,train
2979,train
6378,train
9747,train
5067,train
1375,train
7109,train
1771,train
5501,train
1047,train
7477,train
7140,train
2322,train
2002,train
537,train
4777,train
4731,train
4395,train
4430,train
9983,train
7294,train
3136,train
183,train
5661,train
7500,train
6882,train
9764,train
6011,train
6061,train
3434,train
9687,train
259,train
2267,train
5434,train
3111,train
6493,train
7753,train
1266,train
994,train
6284,train
2729,train
1444,train
188,train
1591,train
6670,train
174,train
1579,train
5881,train
5797,train
3483,train
780,train
5241,train
786,train
1122,train
9645,train
3562,train
3166,train
5219,train
6993,train
3068,train
950,train
627,train
4970,train
1721,train
2498,train
2405,train
8315,train
9930,train
5682,train
5689,train
9849,train
7377,train
6695,train
4402,train
4473,train
576,train
9670,train
1845,train
4358,train
7927,train
9062,train
5885,train
434,train
4032,train
9957,train
1997,train
2925,train
5188,train
4476,train
2158,train
8615,train
6498,train
9590,train
1030,train
4635,train
6197,train
3619,train
7566,train
8598,train
3401,train
9307,train
209,train
3088,train
2485,train
2927,train
7777,train
2024,train
9902,train
2393,train
9579,train
3652,train
1106,train
2487,train
2079,train
9301,train
8935,train
6094,train
3653,train
4145,train
7344,train
2349,train
4236,train
3929,train
9499,train
8185,train
2924,train
9880,train
1324,train
5744,train
7934,train
9298,train
1857,train
9683,train
9528,train
8544,train
4088,train
5813,train
2564,train
5495,train
2841,train
596,train
4595,train
362,train
3988,train
3327,train
1873,train
2749,train
2151,train
3028,train
6755,train
3358,train
766,train
5548,train
9426,train
820,train
7060,train
7155,train
2545,train
2746,train
3378,train
4859,train
5806,train
9563,train
7095,train
6976,train
3153,train
5326,train
3105,train
9136,train
1442,train
4102,train
2279,train
1838,train
9169,train
8832,train
1219,train
6447,train
3581,train
4421,train
942,train
5668,train
4996,train
9004,train
3254,train
5601,train
7838,train
2517,train
325,train
8644,train
5635,train
996,train
613,train
6826,train
3265,train
1323,train
5194,train
2604,train
5456,train
5774,train
8156,train
3342,train
3595,train
4908,train
3623,train
3298,train
5079,train
776,train
6704,train
6265,train
4238,train
6982,train
1954,train
7494,train
4382,train
2827,train
9420,train
4752,train
511,train
2650,train
1458,train
4669,train
299,train
2336,train
3892,train
582,train
9253,train
1041,train
5272,train
6555,train
2832,train
964,train
1642,train
9485,train
9760,train
8422,train
6934,train
4273,train
2733,train
6122,train
1789,train
8996,train
4246,train
3756,train
2159,train
2888,train
8491,train
6946,train
6978,train
8692,train
9051,train
8959,train
1793,train
2542,train
8985,train
8724,train
3138,train
4742,train
4978,train
6096,train
5634,train
3147,train
4637,train
8920,train
2171,train
7132,train
1212,train
9906,train
1661,train
4400,train
9776,train
1989,train
2135,train
4885,train
2229,train
7510,train
5146,train
7325,train
7835,train
4366,train
5530,train
7700,train
4469,train
8436,train
9153,train
2511,train
2543,train
1547,train
4370,train
4516,train
5862,train
7125,train
1105,train
1607,train
7150,train
1734,train
8058,train
3421,train
7902,train
361,train
2602,train
8557,train
9083,train
4067,train
2069,train
9345,train
1655,train
3975,train
9185,train
5283,train
1666,train
737,train
8676,train
2368,train
5973,train
1068,train
2664,train
814,train
6296,train
271,train
2961,train
347,train
8675,train
3760,train
3089,train
6070,train
9103,train
6966,train
1126,train
8481,train
8552,train
9796,train
5158,train
1012,train
3831,train
7146,train
4717,train
7536,train
93,train
7555,train
3160,train
5103,train
1869,train
1604,train
8515,train
4535,train
1288,train
161,train
8480,train
4456,train
6745,train
9263,train
3319,train
5260,train
8819,train
9907,train
2933,train
8476,train
9497,train
4796,train
9379,train
8604,train
6305,train
3528,train
73,train
9697,train
5246,train
2470,train
8370,train
9793,train
6025,train
3984,train
3805,train
851,train
9958,train
3679,train
2280,train
796,train
6970,train
5759,train
6167,train
4128,train
1287,train
3841,train
1246,train
3215,train
9716,train
556,train
6810,train
9792,train
1647,train
2525,train
4419,train
4446,train
7044,train
5181,train
7053,train
2034,train
4317,train
2813,train
3465,train
6798,train
2330,train
9711,train
175,train
3930,train
1101,train
1622,train
5330,train
8475,train
4084,train
1763,train
903,train
4306,train
6762,train
4878,train
9862,train
6849,train
5284,train
6390,train
2702,train
8016,train
126,train
4998,train
5698,train
7354,train
6608,train
3897,train
6333,train
7694,train
6383,train
5745,train
2876,train
134,train
7754,train
8208,train
1551,train
9868,train
6787,train
4725,train
7906,train
3476,train
8855,train
1911,train
6130,train
3441,train
1972,train
4391,train
4949,train
675,train
4537,train
7466,train
4596,train
911,train
4082,train
1422,train
691,train
4828,train
6969,train
9295,train
3337,train
173,train
9677,train
5693,train
7726,train
9845,train
5938,train
8321,train
2170,train
5243,train
1868,train
6820,train
1662,train
445,train
2616,train
6741,train
2561,train
5031,train
4713,train
256,train
1347,train
3374,train
9142,train
6416,train
4326,train
4756,train
5006,train
4585,train
8490,train
8168,train
5092,train
7951,train
4798,train
9919,train
4974,train
4261,train
7251,train
761,train
9835,train
296,train
8980,train
8312,train
8532,train
3246,train
6582,train
4107,train
4416,train
5054,train
495,train
7921,train
2091,train
829,train
201,train
9448,train
2675,train
738,train
1965,train
5011,train
7255,train
7629,train
9102,train
3882,train
90,train
1142,train
9152,train
853,train
4139,train
1941,train
6317,train
3922,train
9572,train
7869,train
9804,train
429,train
7447,train
137,train
5208,train
2588,train
4468,train
9651,train
2929,train
2138,train
9097,train
1362,train
5681,train
3745,train
5915,train
9910,train
7455,train
9046,train
3818,train
7333,train
8542,train
1107,train
5200,train
1922,train
1921,train
7737,train
4257,train
2656,train
6018,train
584,train
772,train
9188,train
2769,train
6359,train
4547,train
2373,train
2847,train
7825,train
7796,train
364,train
7926,train
3393,train
2854,train
158,train
2303,train
3294,train
6732,train
4554,train
2481,train
2764,train
5595,train
3259,train
9908,train
8455,train
5649,train
7142,train
5354,train
2948,train
6423,train
8041,train
5572,train
5060,train
5440,train
7269,train
9753,train
8774,train
6467,train
7414,train
1054,train
6941,train
5314,train
931,train
6576,train
5588,train
713,train
5319,train
5824,train
7353,train
2348,train
3703,train
5069,train
7799,train
8229,train
4944,train
867,train
6013,train
8786,train
7043,train
798,train
2591,train
357,train
2715,train
5983,train
9612,train
7290,train
8597,train
569,train
2652,train
278,train
9704,train
5493,train
2377,train
4947,train
2758,train
250,train
9214,train
4690,train
907,train
6861,train
6989,train
9663,train
9798,train
599,train
4524,train
4008,train
5857,train
2500,train
4842,train
809,train
3573,train
7589,train
8716,train
643,train
6,train
7097,train
2201,train
202,train
7539,train
3778,train
4036,train
1697,train
3429,train
8685,train
3208,train
9241,train
922,train
2035,train
3497,train
7350,train
758,train
6411,train
7383,train
7770,train
3074,train
9782,train
7047,train
3629,train
6444,train
7811,train
3614,train
5192,train
9695,train
3280,train
2424,train
2659,train
2147,train
1572,train
1315,train
9085,train
6071,train
3329,train
1645,train
8251,train
2333,train
7821,train
8137,train
2502,train
3444,train
5045,train
8214,train
4334,train
503,train
4567,train
4350,train
6358,train
9512,train
1385,train
5965,train
4217,train
535,train
8353,train
5987,train
6938,train
669,train
1643,train
7762,train
8516,train
7563,train
712,train
4205,train
7337,train
4948,train
6793,train
3758,train
6685,train
3179,train
8802,train
5401,train
9423,train
1478,train
1656,train
7848,train
4480,train
436,train
8257,train
6148,train
4507,train
3628,train
562,train
1471,train
9824,train
1271,train
7943,train
6924,train
3355,train
3009,train
6953,train
9199,train
44,train
7236,train
7768,train
4793,train
6518,train
8885,train
3913,train
7485,train
5779,train
3411,train
4951,train
4211,train
2357,train
2067,train
1396,train
3137,train
9469,train
1432,train
2645,train
1160,train
3525,train
4407,train
8904,train
8496,train
748,train
7924,train
6951,train
467,train
4971,train
1066,train
7515,train
5882,train
4314,train
6512,train
6813,train
8228,train
1830,train
1717,train
1094,train
1312,train
6023,train
1937,train
6903,train
1918,train
7440,train
9451,train
1912,train
7221,train
172,train
6460,train
5303,train
1350,train
2128,train
4920,train
7074,train
6684,train
8843,train
6857,train
3188,train
8594,train
8965,train
6794,train
1136,train
7826,train
3579,train
5397,train
8861,train
7302,train
8653,train
5026,train
5475,train
7195,train
9811,train
9502,train
2299,train
1887,train
9184,train
397,train
8992,train
5916,train
8540,train
933,train
7103,train
865,train
7766,train
7415,train
5672,train
8060,train
3631,train
9686,train
9698,train
4715,train
8272,train
9238,train
9164,train
7393,train
1090,train
5691,train
2441,train
4023,train
4169,train
6223,train
2973,train
2223,train
8584,train
648,train
1531,train
5139,train
3854,train
7356,train
4921,train
9228,train
6285,train
6007,train
2609,train
2182,train
1374,train
2475,train
7883,train
2254,train
2457,train
3613,train
5762,train
3715,train
835,train
6352,train
3226,train
517,train
9708,train
1969,train
1356,train
109,train
7390,train
205,train
6539,train
5586,train
1079,train
7412,train
8227,train
1788,train
8335,train
2123,train
7569,train
2215,train
5666,train
8931,train
1566,train
2252,train
925,train
1575,train
266,train
9609,train
9606,train
9434,train
7020,train
1304,train
298,train
5949,train
9087,train
8930,train
2113,train
2096,train
6080,train
7923,train
5052,train
3405,train
9788,train
3113,train
7586,train
3363,train
2304,train
9922,train
9460,train
4572,train
5526,train
6697,train
5731,train
7413,train
4533,train
2214,train
9888,train
8754,train
4200,train
8889,train
1469,train
5842,train
1757,train
1944,train
488,train
1453,train
6605,train
7640,train
6665,train
1437,train
2596,train
5316,train
8969,train
3247,train
4909,train
7071,train
915,train
3012,train
6064,train
2463,train
7482,train
1115,train
2375,train
1479,train
6342,train
4497,train
8275,train
29,train
7171,train
2812,train
8182,train
5347,train
9455,train
1226,train
5178,train
9644,train
8138,train
6109,train
3646,train
3609,train
8111,train
6344,train
236,train
8052,train
6203,train
6095,train
5825,train
8907,train
3815,train
4030,train
3316,train
106,train
7820,train
1017,train
3660,train
6505,train
499,train
9519,train
5805,train
2805,train
9773,train
845,train
5454,train
1283,train
3637,train
7193,train
2665,train
7038,train
3041,train
3443,train
1695,train
2293,train
1457,train
1619,train
4703,train
4529,train
62,train
8166,train
9309,train
4711,train
8950,train
6042,train
2950,train
2156,train
5250,train
18,train
4355,train
6009,train
8845,train
3558,train
475,train
2318,train
7908,train
7367,train
4942,train
6629,train
6833,train
9363,train
9442,train
2721,train
125,train
7203,train
154,train
5117,train
22,train
8664,train
2003,train
453,train
3121,train
5528,train
7064,train
6328,train
727,train
1176,train
2574,train
4242,train
4869,train
9483,train
2238,train
6984,train
4648,train
4405,train
6345,train
7679,train
9141,train
6258,train
218,train
3591,train
9717,train
9895,train
9333,train
2779,train
5887,train
8619,train
8828,train
9255,train
6872,train
7355,train
407,train
6055,train
5860,train
6428,train
2536,train
7529,train
4936,train
2557,train
8382,train
9565,train
608,train
3139,train
5932,train
4388,train
1871,train
2784,train
7760,train
3529,train
4952,train
1098,train
1020,train
2771,train
1258,train
5331,train
3796,train
3413,train
5212,train
586,train
6760,train
9866,train
9428,train
4984,train
448,train
9003,train
1351,train
2964,train
2111,train
7419,train
5758,train
990,train
1764,train
7590,train
4678,train
6365,train
7976,train
5161,train
4444,train
9516,train
6791,train
7886,train
1158,train
2179,train
4254,train
3697,train
1409,train
2978,train
7808,train
7347,train
5868,train
3662,train
5754,train
3156,train
5257,train
4745,train
1416,train
2646,train
8418,train
9756,train
5009,train
3709,train
5288,train
6294,train
6113,train
9139,train
9294,train
9995,train
2760,train
5265,train
5999,train
1516,train
1451,train
5296,train
8065,train
2074,train
4322,train
2793,train
8853,train
4486,train
1117,train
6205,train
1209,train
5439,train
319,train
891,train
2662,train
6886,train
8577,train
225,train
6677,train
5750,train
2710,train
6405,train
7827,train
6332,train
9513,train
3167,train
5156,train
5606,train
1412,train
1618,train
189,train
6549,train
3231,train
9340,train
9742,train
8038,train
6461,train
3360,train
7744,train
2501,train
7489,train
6357,train
60,train
3289,train
8101,train
3457,train
392,train
8824,train
8687,train
4299,train
7079,train
3141,train
395,train
8294,train
8380,train
1095,train
2185,train
7328,train
3484,train
3664,train
4142,train
6448,train
602,train
9401,train
2130,train
3594,train
8454,train
8363,train
3911,train
9921,train
7102,train
1213,train
3090,train
8256,train
9324,train
9032,train
5792,train
8706,train
3590,train
8283,train
7283,train
9208,train
6108,train
3242,train
1034,train
587,train
8628,train
4664,train
987,train
4054,train
4198,train
828,train
645,train
617,train
7194,train
9566,train
4988,train
3520,train
7929,train
8326,train
7182,train
6319,train
9463,train
7032,train
2298,train
8941,train
6927,train
2041,train
246,train
5997,train
3600,train
5811,train
3923,train
640,train
8291,train
9817,train
7004,train
769,train
5571,train
855,train
3473,train
8109,train
4962,train
9691,train
6790,train
1521,train
7434,train
4624,train
7334,train
1415,train
5955,train
8753,train
335,train
2392,train
7369,train
6314,train
1452,train
3941,train
5116,train
3020,train
9701,train
2956,train
1559,train
2990,train
7110,train
3982,train
3073,train
5536,train
1118,train
8198,train
59,train
2886,train
9679,train
1712,train
7961,train
7417,train
4061,train
5157,train
540,train
2768,train
3391,train
7981,train
7798,train
6994,train
7788,train
564,train
918,train
5451,train
3937,train
3868,train
5102,train
7057,train
9690,train
629,train
6547,train
4612,train
3993,train
9638,train
8334,train
8463,train
2770,train
5940,train
2966,train
7620,train
2737,train
1555,train
7552,train
3069,train
2839,train
567,train
935,train
8183,train
5322,train
7351,train
8179,train
8922,train
7256,train
6828,train
3846,train
8918,train
4218,train
7615,train
177,train
1803,train
96,train
664,train
5939,train
5082,train
1519,train
2402,train
2580,train
1146,train
5470,train
7890,train
5556,train
2108,train
7321,train
7611,train
6402,train
2752,train
3214,train
4318,train
8811,train
9245,train
231,train
8360,train
1680,train
2296,train
8203,train
4916,train
135,train
3375,train
3011,train
3797,train
8036,train
4452,train
4659,train
1268,train
7678,train
9422,train
8404,train
7022,train
5880,train
7572,train
113,train
6937,train
8124,train
3261,train
2409,train
9011,train
8752,train
6003,train
1623,train
932,train
3075,train
3654,train
4823,train
6006,train
9150,train
8943,train
1854,train
8119,train
4580,train
9344,train
9047,train
670,train
5808,train
7439,train
9594,train
3116,train
223,train
668,train
481,train
7019,train
1013,train
1119,train
710,train
5369,train
3837,train
4583,train
2708,train
9479,train
8553,train
649,train
7124,train
2775,train
3960,train
6850,train
6072,train
7209,train
1759,train
4929,train
6321,train
4098,train
7713,train
1196,train
89,train
7896,train
9490,train
2555,train
1715,train
9346,train
8479,train
2727,train
3781,train
1229,train
2382,train
6468,train
4352,train
8175,train
8225,train
3861,train
6454,train
6566,train
8740,train
8764,train
5764,train
2496,train
2347,train
7544,train
4268,train
9505,train
8596,train
9348,train
9856,train
4181,train
5239,train
7317,train
1087,train
182,train
6034,train
9610,train
8678,train
5293,train
2319,train
6136,train
9918,train
5017,train
7488,train
5690,train
8710,train
9608,train
1936,train
2345,train
2178,train
6596,train
1679,train
5327,train
5807,train
6408,train
3082,train
6179,train
7119,train
5088,train
2323,train
7284,train
2240,train
6844,train
153,train
4304,train
3433,train
4055,train
8917,train
5150,train
2220,train
6287,train
7582,train
8459,train
7946,train
6237,train
6161,train
1837,train
2062,train
938,train
2563,train
1719,train
5037,train
5226,train
9073,train
3044,train
8669,train
5550,train
305,train
8057,train
6157,train
5854,train
5569,train
3898,train
3865,train
8777,train
1865,train
9514,train
5014,train
9020,train
8067,train
2131,train
6437,train
1706,train
1610,train
9310,train
2056,train
5353,train
4316,train
3883,train
1400,train
9898,train
3362,train
2188,train
6431,train
8747,train
1073,train
5153,train
9785,train
6841,train
6361,train
1583,train
4531,train
3775,train
8254,train
4747,train
5379,train
5766,train
127,train
9623,train
8548,train
6033,train
5823,train
1140,train
763,train
5449,train
8033,train
8347,train
6752,train
2590,train
9913,train
5853,train
1195,train
8139,train
8982,train
8102,train
6322,train
9652,train
883,train
4639,train
2614,train
5746,train
5815,train
6380,train
235,train
381,train
2718,train
4275,train
3879,train
879,train
5583,train
2124,train
3190,train
1309,train
4707,train
5593,train
7108,train
5531,train
3714,train
6776,train
2510,train
7036,train
7073,train
2021,train
3315,train
9844,train
5898,train
8037,train
724,train
621,train
8780,train
6379,train
2189,train
7508,train
8362,train
3672,train
1191,train
9779,train
5310,train
3953,train
3568,train
3549,train
2658,train
6529,train
7007,train
5269,train
7156,train
2012,train
6158,train
3952,train
4876,train
2582,train
1980,train
5176,train
1819,train
8746,train
7145,train
3938,train
2010,train
9531,train
2064,train
6973,train
4913,train
2730,train
1625,train
6658,train
1637,train
3884,train
4235,train
9322,train
3694,train
7513,train
3552,train
4505,train
2615,train
2844,train
3810,train
3924,train
7228,train
9718,train
5717,train
3334,train
7149,train
3825,train
3632,train
2872,train
1917,train
7650,train
3109,train
5498,train
5396,train
8125,train
6278,train
6669,train
7570,train
9823,train
8066,train
4420,train
9584,train
7497,train
4772,train
3314,train
9498,train
611,train
5512,train
9766,train
7791,train
484,train
2063,train
7638,train
1839,train
6315,train
2429,train
5894,train
5415,train
4208,train
4779,train
686,train
9972,train
2745,train
54,train
5954,train
630,train
8960,train
9218,train
7854,train
5984,train
9596,train
9672,train
5262,train
7183,train
472,train
3696,train
2776,train
8053,train
1197,train
5097,train
9351,train
7963,train
2551,train
662,train
861,train
5660,train
8945,train
4551,train
2154,train
6063,train
8863,train
9729,train
1876,train
839,train
3905,train
4119,train
1359,train
3779,train
5335,train
9634,train
6164,train
5340,train
2343,train
7336,train
7509,train
673,train
3198,train
5022,train
7720,train
3658,train
8837,train
6181,train
9065,train
7593,train
2843,train
3154,train
7512,train
2995,train
8521,train
9437,train
1222,train
7614,train
9061,train
6421,train
512,train
4161,train
7550,train
400,train
2914,train
8352,train
9261,train
6442,train
9757,train
6077,train
8512,train
3039,train
8407,train
3155,train
451,train
7810,train
3888,train
3452,train
1372,train
8099,train
8191,train
9304,train
6038,train
1431,train
8412,train
2937,train
2152,train
8606,train
8616,train
513,train
2868,train
4670,train
2075,train
6073,train
8775,train
273,train
6024,train
755,train
2210,train
7002,train
5697,train
5217,train
1599,train
3305,train
4066,train
7370,train
4940,train
9905,train
4323,train
3572,train
4621,train
5903,train
2885,train
2255,train
909,train
4555,train
9081,train
4511,train
6484,train
8972,train
8682,train
353,train
415,train
4815,train
5084,train
3017,train
2239,train
9315,train
1523,train
9246,train
8019,train
9376,train
6021,train
5266,train
9658,train
6672,train
6520,train
3823,train
7368,train
1827,train
5289,train
5263,train
7464,train
3583,train
6916,train
9365,train
4845,train
2565,train
720,train
224,train
9809,train
4216,train
4979,train
4348,train
7357,train
5460,train
3352,train
5461,train
2828,train
5546,train
2858,train
6174,train
3297,train
3793,train
9267,train
2631,train
9433,train
4004,train
3986,train
4248,train
4347,train
8458,train
6853,train
7937,train
4560,train
8745,train
5727,train
6837,train
3083,train
9131,train
9349,train
3244,train
1421,train
2361,train
1708,train
6936,train
6530,train
862,train
3278,train
4129,train
4540,train
5098,train
1832,train
1973,train
6388,train
2057,train
6056,train
2386,train
1259,train
4409,train
3250,train
9287,train
7625,train
970,train
6213,train
7445,train
7534,train
9891,train
4896,train
5198,train
1123,train
6825,train
2275,train
5781,train
9056,train
2060,train
6955,train
5863,train
5935,train
4559,train
2287,train
9883,train
9783,train
2294,train
549,train
6206,train
2391,train
8236,train
6917,train
6389,train
837,train
7084,train
3019,train
6544,train
3040,train
1505,train
7653,train
7123,train
7545,train
9064,train
3869,train
2359,train
1172,train
7332,train
4103,train
5285,train
8127,train
8591,train
3449,train
3819,train
2099,train
3853,train
6304,train
3099,train
1606,train
3021,train
4046,train
8098,train
4229,train
4689,train
804,train
1594,train
2581,train
4251,train
5981,train
6598,train
9445,train
8197,train
623,train
6995,train
3223,train
1840,train
8803,train
217,train
3803,train
479,train
759,train
6653,train
1515,train
2048,train
6827,train
9397,train
8726,train
464,train
6048,train
8695,train
8059,train
170,train
8000,train
7941,train
9607,train
1677,train
9962,train
5047,train
8755,train
2896,train
3639,train
4568,train
806,train
7952,train
2980,train
4708,train
74,train
7436,train
8731,train
360,train
9438,train
338,train
7577,train
7304,train
2866,train
7322,train
5080,train
6346,train
1441,train
2266,train
4556,train
9161,train
3504,train
948,train
2196,train
5716,train
8703,train
7151,train
7281,train
9723,train
1080,train
110,train
7446,train
4433,train
2883,train
9018,train
421,train
3007,train
3816,train
859,train
3369,train
3357,train
8821,train
269,train
5049,train
7746,train
7121,train
811,train
7276,train
7894,train
8201,train
5565,train
7916,train
5133,train
5152,train
152,train
5891,train
1544,train
6627,train
9831,train
6153,train
9833,train
1994,train
1170,train
6581,train
8651,train
5976,train
2677,train
5042,train
2369,train
2986,train
2895,train
4663,train
3548,train
4684,train
262,train
3731,train
275,train
8981,train
4702,train
4761,train
3395,train
4007,train
5609,train
8795,train
9125,train
5777,train
4478,train
3663,train
2553,train
1352,train
3772,train
7823,train
7749,train
5221,train
7061,train
3634,train
3998,train
3894,train
8103,train
765,train
3918,train
8963,train
2570,train
6759,train
4378,train
355,train
4953,train
190,train
8116,train
9647,train
4605,train
1062,train
4620,train
1828,train
3493,train
7147,train
1682,train
341,train
2583,train
2546,train
6708,train
3323,train
1632,train
4744,train
9112,train
7983,train
8631,train
3917,train
9749,train
6207,train
7597,train
3802,train
4834,train
9851,train
9190,train
8888,train
6636,train
9055,train
8438,train
4768,train
4722,train
1058,train
1443,train
9271,train
7410,train
6912,train
8306,train
367,train
3202,train
692,train
8108,train
2731,train
7619,train
3064,train
5775,train
8926,train
1657,train
9976,train
7040,train
5251,train
6689,train
3990,train
8184,train
7909,train
2516,train
5829,train
7725,train
6814,train
3676,train
4562,train
4158,train
5358,train
4425,train
4528,train
2066,train
9138,train
312,train
5533,train
43,train
3290,train
9319,train
2338,train
7960,train
1171,train
5464,train
3482,train
5425,train
363,train
5352,train
3769,train
6392,train
6737,train
1000,train
6356,train
4763,train
2899,train
5755,train
6602,train
7227,train
99,train
6852,train
6662,train
238,train
1974,train
6310,train
8450,train
5421,train
6118,train
4862,train
6377,train
5445,train
9966,train
6811,train
8551,train
5688,train
1587,train
2831,train
4294,train
2289,train
7481,train
719,train
4173,train
5001,train
4855,train
8987,train
9014,train
1907,train
5336,train
6846,train
9107,train
4368,train
6330,train
5671,train
121,train
5936,train
141,train
5780,train
6725,train
7995,train
1805,train
8857,train
515,train
4076,train
937,train
5975,train
546,train
8431,train
8737,train
4730,train
4118,train
1174,train
502,train
5664,train
9999,train
9621,train
3776,train
6988,train
6784,train
8684,train
2505,train
2235,train
8590,train
276,train
4071,train
2344,train
2651,train
9374,train
8509,train
9628,train
8766,train
6046,train
8575,train
9377,train
9603,train
1278,train
6211,train
2577,train
1264,train
6427,train
3193,train
1265,train
1292,train
6016,train
2520,train
1800,train
7504,train
1488,train
558,train
7112,train
4093,train
4811,train
8875,train
8316,train
7479,train
3335,train
168,train
1520,train
7265,train
2234,train
9278,train
1948,train
5390,train
3348,train
4481,train
2077,train
2461,train
6462,train
95,train
7607,train
9627,train
5748,train
3784,train
8154,train
3488,train
3506,train
6786,train
5630,train
6329,train
4623,train
9105,train
5757,train
2932,train
9329,train
7085,train
8951,train
5000,train
954,train
1470,train
7277,train
9235,train
1473,train
9940,train
7401,train
7035,train
5859,train
8998,train
8681,train
5292,train
5902,train
6201,train
9520,train
7403,train
8510,train
3919,train
94,train
4629,train
757,train
7416,train
9887,train
2683,train
9975,train
3584,train
7430,train
6244,train
7627,train
8858,train
4010,train
7358,train
6948,train
3569,train
6062,train
6338,train
6076,train
8968,train
4504,train
8147,train
7706,train
1322,train
4846,train
8354,train
4213,train
3720,train
1102,train
7300,train
5048,train
5957,train
5828,train
2802,train
7954,train
6085,train
1129,train
799,train
1823,train
7834,train
2337,train
7472,train
2334,train
998,train
9577,train
9134,train
9439,train
7528,train
6929,train
1254,train
4020,train
5760,train
1542,train
9545,train
2428,train
8120,train
4058,train
4665,train
1735,train
4214,train
2269,train
3684,train
8232,train
3415,train
8144,train
4769,train
1504,train
8095,train
3516,train
7301,train
6084,train
385,train
4147,train
5145,train
7258,train
9360,train
1796,train
8699,train
79,train
2694,train
9771,train
571,train
609,train
3824,train
7816,train
508,train
3790,train
3279,train
2607,train
2913,train
4438,train
3049,train
6008,train
1482,train
980,train
5619,train
103,train
6621,train
4691,train
3388,train
7564,train
6480,train
1165,train
4415,train
5801,train
577,train
3292,train
6326,train
239,train
3978,train
5204,train
6093,train
2469,train
7845,train
5264,train
5120,train
9807,train
5735,train
9006,train
847,train
2971,train
1163,train
1321,train
8721,train
3432,train
9465,train
5297,train
1900,train
7143,train
7671,train
6141,train
5005,train
1354,train
8839,train
9296,train
7449,train
5908,train
9573,train
8409,train
5104,train
711,train
3533,train
226,train
2,train
142,train
3199,train
4472,train
3900,train
8397,train
6609,train
337,train
2759,train
5115,train
5560,train
5287,train
9968,train
2644,train
6561,train
6519,train
290,train
1121,train
1975,train
9111,train
9684,train
8785,train
339,train
4976,train
2717,train
1883,train
6409,train
7752,train
1203,train
7483,train
2141,train
165,train
3001,train
9847,train
6372,train
8341,train
4112,train
9206,train
7984,train
7116,train
3616,train
1792,train
8301,train
9818,train
6967,train
6613,train
1726,train
2906,train
3864,train
8854,train
5872,train
816,train
1051,train
3942,train
7918,train
9167,train
8234,train
384,train
4259,train
5388,train
7764,train
5029,train
2213,train
3995,train
4182,train
9877,train
676,train
2597,train
3148,train
2168,train
5712,train
1562,train
9175,train
2528,train
3936,train
9327,train
9119,train
3291,train
449,train
162,train
9977,train
6140,train
9973,train
4536,train
2227,train
5864,train
993,train
6690,train
2385,train
7600,train
5970,train
2930,train
1328,train
5542,train
2061,train
2093,train
2472,train
8782,train
7428,train
7907,train
2558,train
8618,train
9201,train
6782,train
8448,train
4564,train
2931,train
6996,train
3183,train
8674,train
1139,train
7233,train
9124,train
7399,train
3485,train
3238,train
7596,train
4570,train
1397,train
471,train
3770,train
8894,train
5463,train
9640,train
5529,train
6269,train
1602,train
5112,train
9132,train
9030,train
5175,train
1856,train
4646,train
7456,train
8947,train
4825,train
3398,train
8075,train
6193,train
7311,train
422,train
5532,train
1548,train
1327,train
4645,train
3426,train
2673,train
4490,train
4406,train
3339,train
7681,train
2678,train
6273,train
428,train
2507,train
6961,train
1261,train
807,train
6406,train
7033,train
9183,train
1635,train
2935,train
4864,train
7674,train
5428,train
8386,train
8776,train
4152,train
6453,train
8133,train
2209,train
7307,train
7429,train
5510,train
8909,train
1192,train
6895,train
5749,train
3053,train
2288,train
8118,train
48,train
4426,train
7365,train
7880,train
2387,train
4109,train
8143,train
2031,train
7645,train
7501,train
8146,train
532,train
3543,train
7740,train
7378,train
4401,train
1167,train
6768,train
268,train
1723,train
9383,train
9735,train
8588,train
9740,train
8762,train
4844,train
5707,train
5654,train
3448,train
8869,train
8337,train
3852,train
4044,train
7127,train
8167,train
7704,train
9836,train
1576,train
1786,train
1137,train
1099,train
8402,train
7850,train
534,train
9611,train
631,train
7643,train
6351,train
2476,train
9867,train
5459,train
1492,train
3008,train
570,train
6728,train
3120,train
6373,train
3657,train
7522,train
6455,train
8029,train
1296,train
6253,train
2260,train
4475,train
8428,train
6950,train
5472,train
3122,train
8574,train
3454,train
729,train
4857,train
1671,train
3606,train
5281,train
4187,train
7920,train
4733,train
6331,train
9121,train
8238,train
1639,train
4232,train
1358,train
2684,train
1394,train
9781,train
8061,train
6123,train
6019,train
2285,train
9707,train
9230,train
7772,train
4910,train
9288,train
7327,train
805,train
1153,train
756,train
9299,train
5900,train
4079,train
2751,train
5024,train
9113,train
5144,train
5300,train
2244,train
1332,train
4114,train
359,train
8794,train
6452,train
2921,train
981,train
2595,train
5170,train
8790,train
3566,train
6445,train
9044,train
667,train
896,train
3719,train
782,train
7406,train
4833,train
3877,train
333,train
1881,train
3627,train
7719,train
9173,train
6262,train
9186,train
4726,train
1029,train
2411,train
9959,train
2668,train
1234,train
5252,train
4386,train
660,train
4414,train
8020,train
4052,train
8927,train
7496,train
5580,train
606,train
8567,train
4905,train
6144,train
1053,train
2016,train
3542,train
5062,train
6928,train
7081,train
3423,train
7289,train
4418,train
9688,train
3151,train
7806,train
3071,train
9556,train
6897,train
6286,train
7895,train
7980,train
9391,train
9036,train
4750,train
875,train
9557,train
8222,train
917,train
5802,train
9786,train
9247,train
9474,train
746,train
4903,train
4512,train
1077,train
9407,train
4592,train
2711,train
284,train
2264,train
7758,train
1820,train
3340,train
8530,train
9750,train
3608,train
4372,train
2522,train
3829,train
3004,train
6584,train
992,train
6972,train
4105,train
1204,train
1387,train
8218,train
4123,train
3014,train
9700,train
7801,train
544,train
6393,train
6831,train
7989,train
9461,train
9472,train
4599,train
2741,train
8961,train
3867,train
6105,train
5196,train
6104,train
5122,train
7767,train
3586,train
6874,train
4336,train
8385,train
3932,train
1592,train
352,train
9166,train
6615,train
4741,train
6723,train
8080,train
9770,train
8114,train
2398,train
9941,train
8432,train
8069,train
8083,train
9384,train
2904,train
5964,train
4805,train
2015,train
9719,train
379,train
1617,train
1886,train
2863,train
6864,train
4442,train
6398,train
1398,train
2464,train
4881,train
461,train
5724,train
9168,train
2163,train
2283,train
70,train
1411,train
489,train
2818,train
7575,train
6865,train
5389,train
9879,train
3881,train
8648,train
1280,train
9989,train
4049,train
1025,train
4383,train
900,train
2835,train
872,train
332,train
8817,train
277,train
4764,train
176,train
6353,train
5771,train
6734,train
2175,train
6925,train
7243,train
8329,train
9123,train
2681,train
2989,train
1060,train
9829,train
5402,train
7968,train
6267,train
8823,train
6594,train
1282,train
7738,train
8393,train
5718,train
2792,train
6804,train
7683,train
3076,train
635,train
3152,train
402,train
279,train
8346,train
7012,train
1408,train
2643,train
4721,train
5992,train
5518,train
6289,train
6822,train
3350,train
6799,train
4593,train
4108,train
7667,train
7181,train
9559,train
5348,train
9223,train
4075,train
4553,train
5687,train
4237,train
3698,train
9678,train
1423,train
3196,train
6871,train
6660,train
1802,train
5905,train
7042,train
5070,train
5408,train
8420,train
848,train
8081,train
9990,train
890,train
7690,train
7215,train
2013,train
4863,train
2054,train
4530,train
5074,train
9473,train
425,train
2164,train
3844,train
5581,train
8417,train
53,train
6560,train
5694,train
3269,train
6751,train
4804,train
8847,train
2358,train
531,train
5430,train
9254,train
2788,train
4417,train
9777,train
4930,train
2162,train
8813,train
2600,train
9389,train
5799,train
3187,train
771,train
9618,train
1484,train
1768,train
6867,train
9616,train
2460,train
9464,train
7724,train
9521,train
2568,train
3710,train
2541,train
1807,train
7538,train
427,train
2891,train
9106,train
8087,train
5013,train
2977,train
2955,train
309,train
7137,train
6739,train
6862,train
5235,train
5814,train
8942,train
2140,train
8581,train
3084,train
7565,train
8700,train
87,train
3980,train
6625,train
9790,train
7647,train
723,train
985,train
324,train
373,train
8572,train
5743,train
9712,train
1910,train
8466,train
3945,train
4662,train
1977,train
7279,train
7210,train
1289,train
1560,train
6533,train
4019,train
4224,train
6239,train
1665,train
5761,train
6464,train
505,train
1858,train
5696,train
3711,train
2072,train
454,train
5128,train
2290,train
2613,train
3249,train
4792,train
2301,train
4278,train
7578,train
573,train
6655,train
1367,train
5739,train
7030,train
4956,train
5753,train
2450,train
5904,train
590,train
6469,train
5645,train
767,train
4485,train
9508,train
2743,train
4335,train
3070,train
5089,train
5043,train
6163,train
2090,train
2426,train
1063,train
3270,train
5227,train
579,train
8879,train
2987,train
5277,train
2355,train
6297,train
6591,train
3847,train
1373,train
8001,train
8864,train
1193,train
6654,train
476,train
3821,train
7507,train
6217,train
146,train
1445,train
4973,train
4884,train
3274,train
2187,train
3730,train
2829,train
8248,train
8912,train
1097,train
6571,train
1056,train
8340,train
7965,train
2601,train
8308,train
9302,train
9375,train
8697,train
9668,train
6293,train
2473,train
6648,train
3110,train
9507,train
8906,train
514,train
4843,train
3661,train
8820,train
9614,train
315,train
7709,train
5720,train
6680,train
3496,train
9270,train
1410,train
8873,train
4975,train
41,train
9314,train
3896,train
8940,train
8691,train
889,train
8253,train
5342,train
2000,train
3738,train
2166,train
6698,train
5540,train
6282,train
4922,train
3761,train
4598,train
5816,train
2786,train
1111,train
8233,train
9574,train
3625,train
9945,train
105,train
8805,train
8554,train
9843,train
1434,train
1263,train
15,train
8213,train
1302,train
7172,train
9660,train
7664,train
826,train
2755,train
1835,train
7652,train
506,train
3330,train
2346,train
1145,train
6303,train
6489,train
3458,train
5934,train
6830,train
5186,train
138,train
1668,train
4748,train
9576,train
7166,train
9368,train
5473,train
8330,train
5038,train
4510,train
529,train
9706,train
5913,train
4393,train
171,train
6603,train
7571,train
8614,train
619,train
671,train
8439,train
9456,train
7280,train
7396,train
8082,train
5886,train
5058,train
2272,train
3222,train
5321,train
7656,train
3971,train
7139,train
498,train
4459,train
9182,train
254,train
4247,train
8999,train
8605,train
117,train
3855,train
4311,train
8713,train
2419,train
6524,train
8446,train
1223,train
6947,train
4042,train
2910,train
3624,train
6792,train
6160,train
241,train
1960,train
1925,train
9202,train
1908,train
9552,train
9033,train
7129,train
7794,train
5197,train
4371,train
5912,train
7104,train
751,train
5387,train
8343,train
7050,train
3086,train
1648,train
3058,train
5405,train
8395,train
4292,train
9211,train
8712,train
6769,train
6738,train
2559,train
2027,train
6233,train
525,train
3622,train
6681,train
3870,train
2173,train
234,train
4590,train
1658,train
8048,train
5892,train
9343,train
9441,train
3239,train
1430,train
2017,train
6559,train
5876,train
1846,train
9732,train
9734,train
9290,train
5993,train
3927,train
1939,train
9814,train
9318,train
7661,train
247,train
9784,train
9875,train
2489,train
6481,train
5994,train
3667,train
5275,train
5769,train
818,train
1570,train
8392,train
2117,train
7731,train
8891,train
1705,train
477,train
6470,train
8470,train
1110,train
7771,train
5258,train
5514,train
9099,train
6666,train
3131,train
4149,train
4253,train
2165,train
2364,train
1298,train
8502,train
7931,train
3061,train
4674,train
7591,train
7454,train
4062,train
8534,train
2089,train
1703,train
9151,train
2585,train
3517,train
6856,train
9699,train
8601,train
3237,train
9581,train
5458,train
1899,train
5846,train
3203,train
6998,train
7696,train
6843,train
9305,train
9292,train
8170,train
8689,train
8289,train
1558,train
1202,train
7939,train
6075,train
2785,train
6907,train
1490,train
961,train
8958,train
36,train
3691,train
7612,train
4860,train
4310,train
5385,train
2992,train
4428,train
2241,train
9984,train
2180,train
5917,train
3029,train
9005,train
8966,train
3408,train
7745,train
5409,train
4097,train
2967,train
104,train
4389,train
369,train
4057,train
1603,train
7530,train
2874,train
5809,train
1316,train
7524,train
8258,train
9289,train
1690,train
5416,train
5675,train
4037,train
8207,train
1860,train
4465,train
6797,train
5713,train
1438,train
7584,train
2756,train
3364,train
3605,train
7261,train
610,train
6341,train
2811,train
3384,train
2526,train
4714,train
2384,train
4880,train
3306,train
4658,train
1260,train
5154,train
7113,train
1189,train
3567,train
7216,train
2222,train
1872,train
7585,train
3000,train
1242,train
3172,train
8916,train
7271,train
620,train
6176,train
3416,train
2816,train
3574,train
4451,train
5443,train
2247,train
6194,train
9649,train
778,train
4038,train
9154,train
565,train
8284,train
3783,train
1245,train
4693,train
5372,train
7897,train
7855,train
1334,train
2560,train
8131,train
6404,train
1859,train
8349,train
8252,train
1206,train
9675,train
9564,train
2723,train
6339,train
294,train
2686,train
9404,train
9332,train
6801,train
6619,train
9477,train
3245,train
5138,train
9133,train
413,train
3992,train
3236,train
7379,train
5050,train
291,train
430,train
6030,train
4569,train
6731,train
3260,train
2807,train
9443,train
6808,train
8043,train
7120,train
6968,train
111,train
2685,train
4668,train
3939,train
7974,train
9928,train
6718,train
374,train
5914,train
167,train
6516,train
2855,train
6631,train
7013,train
854,train
4434,train
9871,train
7840,train
3799,train
9720,train
4385,train
2879,train
8923,train
2370,train
2586,train
5210,train
356,train
6722,train
902,train
3056,train
9147,train
1207,train
4939,train
3752,train
5685,train
8647,train
5190,train
2340,train
3717,train
7068,train
5631,train
2518,train
2820,train
6275,train
7237,train
7266,train
7755,train
285,train
3184,train
4159,train
9260,train
1141,train
849,train
9501,train
4397,train
7996,train
1144,train
8993,train
785,train
6485,train
4826,train
155,train
9571,train
5866,train
5273,train
4138,train
7077,train
8260,train
5349,train
1399,train
5602,train
6043,train
9496,train
601,train
2085,train
6687,train
3048,train
2954,train
8769,train
3422,train
9745,train
5839,train
6039,train
7135,train
6107,train
3293,train
2836,train
1659,train
8068,train
9101,train
6623,train
8503,train
4157,train
3102,train
1464,train
9646,train
2548,train
1675,train
8662,train
3638,train
49,train
6307,train
6103,train
3025,train
4041,train
3470,train
2571,train
8055,train
7461,train
4244,train
4364,train
7257,train
7314,train
886,train
2092,train
5276,train
4879,train
257,train
2589,train
7458,train
4155,train
5641,train
4654,train
2523,train
7141,train
3961,train
9604,train
7185,train
7111,train
3553,train
4802,train
6166,train
5111,train
9703,train
3773,train
560,train
1253,train
1552,train
3217,train
57,train
1940,train
9739,train
6992,train
2918,train
9674,train
2454,train
821,train
5444,train
8226,train
3585,train
2360,train
5803,train
7519,train
8905,train
5650,train
8158,train
593,train
2142,train
8994,train
9405,train
3545,train
186,train
6842,train
1915,train
8433,train
1744,train
4245,train
5073,train
6168,train
3002,train
1228,train
7161,train
6646,train
1897,train
5237,train
4781,train
4068,train
4753,train
5468,train
9408,train
5615,train
3701,train
6413,train
8579,train
491,train
5160,train
6881,train
8079,train
6235,train
8825,train
7493,train
8100,train
3197,train
3723,train
4571,train
6268,train
2395,train
3700,train
6675,train
9149,train
9932,train
2037,train
7291,train
7987,train
32,train
5488,train
6923,train
3010,train
2372,train
6706,train
3146,train
1824,train
4767,train
628,train
9144,train
3983,train
8467,train
7152,train
4148,train
2205,train
9544,train
7250,train
2366,train
5773,train
1503,train
8658,train
2762,train
791,train
9561,train
4025,train
3782,train
6721,train
308,train
7733,train
4657,train
7211,train
1736,train
6939,train
1932,train
9813,train
4162,train
7026,train
2236,train
7853,train
3227,train
4104,train
3541,train
2394,train
4814,train
8044,train
1743,train
1435,train
1346,train
8954,train
1704,train
3707,train
7558,train
3996,train
9226,train
1631,train
2862,train
2907,train
6126,train
3475,train
8494,train
4934,train
7613,train
5683,train
5318,train
9998,train
6809,train
9532,train
523,train
4515,train
4631,train
6873,train
4345,train
228,train
2796,train
8332,train
5213,train
7707,train
8270,train
39,train
2514,train
5010,train
9772,train
9909,train
2133,train
5504,train
5834,train
5457,train
2873,train
8810,train
7039,train
1614,train
7708,train
2052,train
5400,train
2714,train
6975,train
3850,train
9715,train
7878,train
7904,train
4496,train
6102,train
604,train
7955,train
4954,train
5193,train
8732,train
5968,train
4096,train
1232,train
2637,train
548,train
6569,train
9454,train
9939,train
5721,train
9789,train
7299,train
8394,train
3620,train
9217,train
2005,train
5790,train
17,train
5961,train
893,train
3759,train
7903,train
52,train
7881,train
5429,train
5826,train
7979,train
6132,train
1319,train
8659,train
4848,train
7105,train
1953,train
636,train
6234,train
9280,train
2186,train
8989,train
1898,train
1190,train
6650,train
5538,train
3835,train
2207,train
9425,train
6154,train
1844,train
1166,train
2699,train
6386,train
9876,train
2249,train
438,train
8424,train
9702,train
2206,train
1339,train
31,train
7523,train
827,train
9367,train
7363,train
4359,train
9283,train
6834,train
9553,train
8880,train
8741,train
7088,train
4867,train
7685,train
8444,train
783,train
7303,train
7556,train
8884,train
6868,train
5168,train
7134,train
7757,train
6765,train
4065,train
3863,train
4824,train
7075,train
2437,train
6490,train
8725,train
7594,train
9714,train
2774,train
6537,train
2232,train
4875,train
2603,train
7349,train
9059,train
4101,train
8449,train
7655,train
2628,train
1267,validation
5085,validation
440,validation
3445,validation
1693,validation
3787,validation
4541,validation
6747,validation
6230,validation
6664,validation
1525,validation
9416,validation
3692,validation
8230,validation
2230,validation
8281,validation
4479,validation
5974,validation
7710,validation
5294,validation
7743,validation
9306,validation
4135,validation
5165,validation
9242,validation
7628,validation
3400,validation
2867,validation
1556,validation
1293,validation
5364,validation
1329,validation
2415,validation
9518,validation
6724,validation
2915,validation
2725,validation
1371,validation
5855,validation
4830,validation
8988,validation
595,validation
5612,validation
6074,validation
7153,validation
7024,validation
387,validation
3027,validation
1180,validation
1306,validation
6274,validation
149,validation
1450,validation
203,validation
8711,validation
6600,validation
8076,validation
8002,validation
3693,validation
4895,validation
8104,validation
2353,validation
3361,validation
1841,validation
4983,validation
9931,validation
2438,validation
9758,validation
4095,validation
3115,validation
6705,validation
6151,validation
114,validation
6400,validation
6143,validation
1366,validation
5627,validation
1355,validation
731,validation
3674,validation
5185,validation
658,validation
9737,validation
7567,validation
6196,validation
7205,validation
666,validation
1729,validation
6962,validation
9369,validation
9961,validation
8178,validation
7932,validation
5517,validation
7295,validation
4931,validation
6779,validation
9077,validation
8176,validation
7991,validation
7761,validation
4981,validation
5991,validation
6716,validation
1749,validation
4732,validation
6885,validation
8791,validation
2639,validation
2902,validation
1392,validation
4121,validation
3994,validation
9193,validation
7773,validation
2122,validation
5351,validation
2754,validation
6824,validation
9774,validation
2026,validation
8489,validation
2538,validation
4788,validation
4606,validation
7214,validation
8130,validation
715,validation
6562,validation
7735,validation
6183,validation
9815,validation
5233,validation
8886,validation
9728,validation
1612,validation
6371,validation
6146,validation
7272,validation
7781,validation
7637,validation
9588,validation
5555,validation
9971,validation
9057,validation
5704,validation
2271,validation
5515,validation
3168,validation
9053,validation
9342,validation
749,validation
7887,validation
4117,validation
2712,validation
9082,validation
7616,validation
4125,validation
9424,validation
6335,validation
7945,validation
8088,validation
7718,validation
1244,validation
5850,validation
9994,validation
3394,validation
7673,validation
9251,validation
3359,validation
6616,validation
9392,validation
4202,validation
3642,validation
1199,validation
1589,validation
1893,validation
923,validation
447,validation
8003,validation
709,validation
8686,validation
6754,validation
4616,validation
745,validation
7964,validation
726,validation
2826,validation
2894,validation
2143,validation
4331,validation
8829,validation
1784,validation
4816,validation
4709,validation
260,validation
1927,validation
4882,validation
6325,validation
1496,validation
901,validation
5057,validation
7649,validation
7359,validation
2486,validation
7675,validation
3755,validation
4519,validation
1365,validation
5610,validation
2106,validation
8012,validation
6494,validation
5909,validation
28,validation
2823,validation
9615,validation
8735,validation
4435,validation
5205,validation
144,validation
9118,validation
912,validation
8656,validation
5032,validation
84,validation
1924,validation
3914,validation
5274,validation
5446,validation
5741,validation
4622,validation
14,validation
3191,validation
2572,validation
8663,validation
1672,validation
206,validation
898,validation
2654,validation
2962,validation
9157,validation
4002,validation
4607,validation
7200,validation
4594,validation
6606,validation
5256,validation
2004,validation
3233,validation
6065,validation
9197,validation
8323,validation
7433,validation
8009,validation
7639,validation
9266,validation
5616,validation
1928,validation
9221,validation
2890,validation
6702,validation
4886,validation
3544,validation
1716,validation
2440,validation
4927,validation
5497,validation
8359,validation
9730,validation
5927,validation
3410,validation
2719,validation
9339,validation
7460,validation
5647,validation
6060,validation
7063,validation
6403,validation
1138,validation
9487,validation
6458,validation
2506,validation
6120,validation
4856,validation
1468,validation
8563,validation
8717,validation
655,validation
784,validation
3832,validation
5386,validation
5740,validation
8788,validation
4784,validation
2309,validation
8039,validation
3721,validation
9599,validation
2504,validation
7469,validation
8948,validation
3210,validation
2435,validation
3677,validation
1270,validation
3031,validation
5366,validation
4964,validation
4353,validation
4226,validation
88,validation
2025,validation
5778,validation
6440,validation
8538,validation
7082,validation
4171,validation
887,validation
8212,validation
8097,validation
885,validation
1644,validation
8199,validation
659,validation
9587,validation
1395,validation
5577,validation
3336,validation
6264,validation
4321,validation
4888,validation
2800,validation
5655,validation
3842,validation
8189,validation
7532,validation
9985,validation
5899,validation
6407,validation
4482,validation
8523,validation
5562,validation
6337,validation
6040,validation
5003,validation
4993,validation
8042,validation
9028,validation
3602,validation
7330,validation
9116,validation
9264,validation
4705,validation
7511,validation
4941,validation
9578,validation
159,validation
4343,validation
2993,validation
5123,validation
3965,validation
4027,validation
651,validation
750,validation
9956,validation
3509,validation
9323,validation
8384,validation
7240,validation
2691,validation
485,validation
4439,validation
5395,validation
8027,validation
334,validation
2766,validation
4776,validation
6879,validation
2655,validation
7475,validation
8192,validation
4070,validation
5557,validation
9935,validation
3956,validation
2791,validation
1998,validation
1598,validation
5979,validation
4990,validation
9689,validation
2028,validation
603,validation
4736,validation
2095,validation
543,validation
9478,validation
4501,validation
9546,validation
1173,validation
2305,validation
7025,validation
2499,validation
1236,validation
5466,validation
4279,validation
7478,validation
5315,validation
2007,validation
5432,validation
8246,validation
4972,validation
8561,validation
1660,validation
378,validation
7274,validation
6870,validation
2940,validation
7654,validation
6869,validation
478,validation
1640,validation
1785,validation
3740,validation
9592,validation
3126,validation
8423,validation
441,validation
6435,validation
3262,validation
7888,validation
115,validation
4133,validation
9074,validation
7999,validation
6983,validation
1787,validation
4308,validation
5708,validation
1673,validation
9237,validation
7196,validation
8928,validation
1227,validation
5177,validation
2611,validation
8767,validation
3404,validation
5893,validation
7609,validation
8064,validation
1194,validation
6172,validation
4344,validation
1413,validation
2998,validation
3791,validation
8694,validation
5783,validation
8720,validation
2059,validation
5516,validation
7201,validation
372,validation
6114,validation
9693,validation
3460,validation
1615,validation
6541,validation
6783,validation
1381,validation
527,validation
5028,validation
6733,validation
6536,validation
3878,validation
674,validation
4801,validation
245,validation
5772,validation
1769,validation
9806,validation
9390,validation
8414,validation
5371,validation
9768,validation
7222,validation
5625,validation
169,validation
4191,validation
9937,validation
3973,validation
4677,validation
6579,validation
9467,validation
7879,validation
1026,validation
6618,validation
494,validation
6709,validation
2155,validation
8913,validation
9812,validation
9598,validation
6692,validation
501,validation
4290,validation
4500,validation
4550,validation
9406,validation
9897,validation
9009,validation
9705,validation
983,validation
9802,validation
8507,validation
3399,validation
1093,validation
2044,validation
5561,validation
9834,validation
9035,validation
9952,validation
7537,validation
6139,validation
5923,validation
5299,validation
9215,validation
550,validation
3005,validation
4092,validation
1274,validation
8157,validation
4578,validation
6257,validation
6839,validation
9110,validation
6651,validation
9268,validation
5162,validation
1439,validation
8580,validation
4256,validation
1086,validation
9917,validation
1737,validation
7868,validation
1775,validation
9088,validation
3119,validation
2245,validation
2378,validation
3216,validation
7217,validation
3097,validation
9870,validation
1208,validation
2174,validation
808,validation
3811,validation
3354,validation
2795,validation
6240,validation
9396,validation
9224,validation
8856,validation
7420,validation
1424,validation
4520,validation
213,validation
2740,validation
8761,validation
4938,validation
8859,validation
2153,validation
7212,validation
4751,validation
8266,validation
8011,validation
7905,validation
2669,validation
8126,validation
3171,validation
328,validation
1297,validation
8667,validation
1134,validation
6252,validation
3957,validation
3134,validation
3687,validation
1553,validation
4492,validation
7729,validation
4249,validation
4284,validation
813,validation
2068,validation
8779,validation
9840,validation
9155,validation
6117,validation
5438,validation
9953,validation
743,validation
4376,validation
1465,validation
3057,validation
7668,validation
1831,validation
2767,validation
2144,validation
9980,validation
9963,validation
7128,validation
5378,validation
1545,validation
4470,validation
7828,validation
2381,validation
6472,validation
4012,validation
3907,validation
9504,validation
3344,validation
3644,validation
1500,validation
1112,validation
697,validation
8835,validation
1022,validation
8714,validation
7473,validation
9682,validation
8243,validation
1884,validation
5628,validation
4638,validation
8006,validation
7914,validation
906,validation
4706,validation
2974,validation
5105,validation
7092,validation
2363,validation
8690,validation
3225,validation
5800,validation
6368,validation
4017,validation
8374,validation
9457,validation
9709,validation
6492,validation
9536,validation
1745,validation
8391,validation
5838,validation
6683,validation
4812,validation
2150,validation
160,validation
1772,validation
2920,validation
8415,validation
1955,validation
960,validation
644,validation
4961,validation
5479,validation
4982,validation
6263,validation
4682,validation
5890,validation
6429,validation
5231,validation
5784,validation
1256,validation
4789,validation
9481,validation
8188,validation
4011,validation
6657,validation
7059,validation
483,validation
6059,validation
6640,validation
5624,validation
995,validation
8878,validation
450,validation
411,validation
5587,validation
6699,validation
5841,validation
5224,validation
8304,validation
9535,validation
7320,validation
2331,validation
1765,validation
3469,validation
1078,validation
2242,validation
4240,validation
8573,validation
3665,validation
9049,validation
8956,validation
7264,validation
7213,validation
5259,validation
1276,validation
612,validation
2957,validation
1956,validation
8655,validation
7541,validation
6312,validation
6419,validation
3288,validation
2744,validation
6128,validation
5597,validation
6535,validation
2892,validation
2667,validation
8514,validation
7331,validation
9622,validation
7588,validation
6876,validation
9694,validation
1983,validation
6634,validation
4574,validation
8093,validation
3207,validation
6482,validation
1100,validation
7048,validation
3708,validation
5450,validation
1563,validation
6256,validation
3263,validation
6001,validation
8990,validation
972,validation
164,validation
460,validation
7672,validation
1162,validation
521,validation
9936,validation
8578,validation
2636,validation
9148,validation
3962,validation
2191,validation
452,validation
6363,validation
5051,validation
9722,validation
7988,validation
9865,validation
2674,validation
1188,validation
9029,validation
6626,validation
4656,validation
3095,validation
1463,validation
6990,validation
5589,validation
1006,validation
3598,validation
1168,validation
7159,validation
6487,validation
1590,validation
199,validation
5502,validation
6091,validation
5480,validation
7028,validation
3389,validation
7245,validation
3931,validation
8602,validation
4892,validation
6943,validation
7259,validation
6711,validation
6514,validation
3487,validation
9964,validation
423,validation
2036,validation
3351,validation
3300,validation
6999,validation
3301,validation
8493,validation
6491,validation
270,validation
4503,validation
8866,validation
3366,validation
5355,validation
3447,validation
1184,validation
1164,validation
9449,validation
3495,validation
6906,validation
8028,validation
9738,validation
376,validation
6859,validation
1546,validation
1782,validation
2423,validation
3143,validation
4687,validation
3505,validation
6502,validation
9955,validation
7374,validation
5751,validation
1890,validation
1596,validation
4233,validation
8547,validation
2112,validation
230,validation
5267,validation
5861,validation
9034,validation
4267,validation
2390,validation
9934,validation
6900,validation
7938,validation
8471,validation
2638,validation
3768,validation
5093,validation
4073,validation
8032,validation
45,validation
5847,validation
3461,validation
7784,validation
5941,validation
5118,validation
9432,validation
9293,validation
6987,validation
2916,validation
9297,validation
6037,validation
7,validation
3347,validation
4534,validation
6622,validation
7898,validation
5109,validation
1311,validation
4841,validation
9839,validation
4333,validation
4517,validation
5127,validation
58,validation
6758,validation
9089,validation
7037,validation
3580,validation
8013,validation
336,validation
1294,validation
6909,validation
8007,validation
1506,validation
6717,validation
7543,validation
7657,validation
1214,validation
122,validation
2647,validation
3845,validation
5172,validation
7763,validation
4043,validation
7254,validation
3757,validation
5191,validation
4467,validation
6082,validation
4188,validation
3016,validation
2313,validation
6960,validation
2610,validation
2432,validation
212,validation
6150,validation
728,validation
6178,validation
4484,validation
638,validation
4209,validation
5279,validation
2071,validation
626,validation
8683,validation
2257,validation
8698,validation
2274,validation
6124,validation
1295,validation
7598,validation
8441,validation
2008,validation
463,validation
3915,validation
5474,validation
304,validation
51,validation
9540,validation
8937,validation
7829,validation
1461,validation
7506,validation
3734,validation
4712,validation
7148,validation
580,validation
8136,validation
5134,validation
6049,validation
5136,validation
253,validation
574,validation
4821,validation
4582,validation
1420,validation
3645,validation
8793,validation
5776,validation
8609,validation
7587,validation
6957,validation
2593,validation
2221,validation
3822,validation
8586,validation
5985,validation
1487,validation
6883,validation
4175,validation
802,validation
3788,validation
7386,validation
2676,validation
8074,validation
8877,validation
7892,validation
2893,validation
8921,validation
9200,validation
219,validation
8890,validation
1808,validation
8617,validation
8611,validation
2198,validation
2584,validation
6028,validation
1044,validation
331,validation
10,validation
9967,validation
5166,validation
7936,validation
8852,validation
7241,validation
4423,validation
2403,validation
5487,validation
5304,validation
6385,validation
4457,validation
6644,validation
5576,validation
3159,validation
2332,validation
6517,validation
8377,validation
1756,validation
6301,validation
5875,validation
229,validation
3440,validation
9092,validation
5931,validation
2846,validation
4509,validation
4672,validation
5337,validation
2633,validation
2055,validation
9435,validation
8736,validation
5614,validation
3341,validation
2045,validation
4839,validation
9387,validation
832,validation
598,validation
699,validation
8411,validation
8672,validation
6949,validation
4234,validation
4523,validation
3428,validation
6628,validation
2458,validation
5441,validation
8264,validation
7751,validation
401,validation
1901,validation
3273,validation
5101,validation
9597,validation
9696,validation
6641,validation
764,validation
8181,validation
1557,validation
9022,validation
9692,validation
895,validation
1742,validation
9900,validation
6313,validation
3670,validation
3368,validation
8522,validation
9920,validation
7389,validation
5676,validation
7031,validation
216,validation
930,validation
7083,validation
3764,validation
3893,validation
3780,validation
1472,validation
3066,validation
1702,validation
1609,validation
2308,validation
5843,validation
7232,validation
2495,validation
7346,validation
3920,validation
5770,validation
9400,validation
3133,validation
1446,validation
3419,validation
7595,validation
8932,validation
1455,validation
5636,validation
1404,validation
5644,validation
6922,validation
1406,validation
4286,validation
8756,validation
1550,validation
200,validation
3970,validation
6663,validation
7008,validation
770,validation
2009,validation
694,validation
6570,validation
3669,validation
1114,validation
9915,validation
2380,validation
151,validation
7319,validation
1376,validation
9585,validation
8240,validation
5789,validation
2494,validation
5301,validation
6026,validation
9925,validation
1611,validation
5392,validation
6281,validation
3206,validation
8140,validation
6935,validation
4398,validation
7052,validation
2942,validation
3308,validation
7188,validation
458,validation
8673,validation
9527,validation
2587,validation
9158,validation
9522,validation
8200,validation
4289,validation
7069,validation
5278,validation
1687,validation
6773,validation
1250,validation
9567,validation
437,validation
5020,validation
3310,validation
7249,validation
9613,validation
6908,validation
7841,validation
7727,validation
8701,validation
3901,validation
5832,validation
975,validation
7750,validation
8881,validation
9863,validation
3498,validation
8355,validation
4053,validation
3838,validation
194,validation
6715,validation
554,validation
9187,validation
1773,validation
8807,validation
2006,validation
3277,validation
8518,validation
6241,validation
3795,validation
4369,validation
9731,validation
390,validation
419,validation
40,validation
456,validation
516,validation
6088,validation
5419,validation
3283,validation
8056,validation
9974,validation
3997,validation
1243,validation
3038,validation
7551,validation
616,validation
5376,validation
2032,validation
5621,validation
2228,validation
6129,validation
5794,validation
965,validation
6893,validation
5888,validation
7520,validation
6248,validation
3958,validation
4422,validation
2981,validation
8630,validation
5733,validation
5203,validation
2442,validation
2934,validation
8592,validation
288,validation
7830,validation
633,validation
9794,validation
6473,validation
2148,validation
2761,validation
7298,validation
9948,validation
4373,validation
9539,validation
622,validation
3212,validation
700,validation
81,validation
493,validation
4548,validation
3539,validation
1466,validation
5653,validation
1783,validation
8702,validation
3887,validation
9586,validation
8045,validation
1477,validation
4734,validation
7705,validation
2982,validation
1595,validation
1512,validation
3299,validation
112,validation
3192,validation
4749,validation
4281,validation
3381,validation
8357,validation
6188,validation
7341,validation
7562,validation
8195,validation
7118,validation
1037,validation
4694,validation
9364,validation
8305,validation
3108,validation
6426,validation
2679,validation
7117,validation
1157,validation
403,validation
2127,validation
1985,validation
2837,validation
1958,validation
443,validation
2549,validation
3934,validation
2115,validation
4269,validation
4817,validation
4494,validation
3508,validation
9884,validation
2184,validation
3630,validation
4926,validation
3728,validation
1023,validation
7054,validation
2969,validation
2870,validation
8427,validation
8898,validation
4573,validation
4710,validation
7666,validation
2533,validation
9398,validation
410,validation
8919,validation
5508,validation
2833,validation
1741,validation
6604,validation
5969,validation
181,validation
4914,validation
6186,validation
5617,validation
5638,validation
1866,validation
7723,validation
2739,validation
6771,validation
7316,validation
6635,validation
3003,validation
6162,validation
4033,validation
3164,validation
8848,validation
4272,validation
150,validation
187,validation
3213,validation
4901,validation
4227,validation
344,validation
8278,validation
1147,validation
1797,validation
6746,validation
8511,validation
4411,validation
9852,validation
3414,validation
3036,validation
7953,validation
9575,validation
1966,validation
7774,validation
8565,validation
180,validation
2578,validation
8914,validation
777,validation
6866,validation
5201,validation
6763,validation
7911,validation
819,validation
5271,validation
2070,validation
5222,validation
1593,validation
3735,validation
3030,validation
6145,validation
9992,validation
4945,validation
3285,validation
1882,validation
7865,validation
7157,validation
9996,validation
8882,validation
3377,validation
953,validation
6507,validation
1035,validation
1822,validation
6511,validation
4167,validation
7870,validation
7246,validation
3124,validation
1460,validation
4883,validation
7484,validation
9864,validation
3860,validation
8442,validation
2928,validation
1962,validation
8784,validation
7516,validation
5476,validation
9523,validation
8356,validation
4685,validation
1863,validation
4166,validation
8478,validation
1942,validation
6396,validation
8527,validation
3494,validation
4889,validation
7098,validation
2320,validation
310,validation
6110,validation
1578,validation
7018,validation
1275,validation
3565,validation
4069,validation
8560,validation
1891,validation
1255,validation
1380,validation
2082,validation
1581,validation
2726,validation
7797,validation
4561,validation
3963,validation
2975,validation
8783,validation
6243,validation
5077,validation
4164,validation
8862,validation
2376,validation
7863,validation
6818,validation
6222,validation
9746,validation
7101,validation
9617,validation
9846,validation
8070,validation
3407,validation
3987,validation
300,validation
934,validation
1747,validation
8867,validation
6785,validation
9842,validation
795,validation
6290,validation
3371,validation
4194,validation
1233,validation
2648,validation
7207,validation
2371,validation
8220,validation
5702,validation
5709,validation
4436,validation
4718,validation
5075,validation
7944,validation
1419,validation
725,validation
8437,validation
1541,validation
3947,validation
7376,validation
9769,validation
6958,validation
9805,validation
193,validation
1036,validation
3062,validation
4412,validation
6147,validation
7912,validation
5918,validation
5513,validation
8163,validation
8398,validation
8369,validation
1720,validation
6593,validation
894,validation
1549,validation
4723,validation
6588,validation
7457,validation
1149,validation
5228,validation
9350,validation
8379,validation
1225,validation
7624,validation
1532,validation
7778,validation
2146,validation
2824,validation
6932,validation
2451,validation
1033,validation
6523,validation
6963,validation
1014,validation
4757,validation
8900,validation
2084,validation
5525,validation
8643,validation
9462,validation
2830,validation
4987,validation
5404,validation
869,validation
7765,validation
8719,validation
1582,validation
5951,validation
4681,validation
1817,validation
7503,validation
1580,validation
4462,validation
5920,validation
5360,validation
7891,validation
33,validation
4265,validation
8205,validation
9275,validation
8610,validation
8750,validation
5234,validation
4180,validation
2908,validation
6552,validation
98,validation
1627,validation
7405,validation
7860,validation
211,validation
6567,validation
6997,validation
1201,validation
1043,validation
6617,validation
5471,validation
4791,validation
8148,validation
8022,validation
3950,validation
2706,validation
3367,validation
4063,validation
8425,validation
2416,validation
118,validation
6778,validation
1002,validation
4483,validation
6542,validation
9129,validation
130,validation
6638,validation
3326,validation
3067,validation
1760,validation
9466,validation
7800,validation
654,validation
9894,validation
7364,validation
3885,validation
908,validation
8280,validation
198,validation
9848,validation
4203,validation
5678,validation
9066,validation
5131,validation
5677,validation
47,validation
9222,validation
9388,validation
3390,validation
7792,validation
7843,validation
3353,validation
877,validation
683,validation
1130,validation
6587,validation
6133,validation
589,validation
9943,validation
6089,validation
8215,validation
8047,validation
6775,validation
3492,validation
2325,validation
8727,validation
2732,validation
1010,validation
9800,validation
1277,validation
6880,validation
1509,validation
3626,validation
9328,validation
4091,validation
5734,validation
7388,validation
7443,validation
8008,validation
8365,validation
1436,validation
2997,test
4871,test
3858,test
951,test
6463,test
3264,test
4508,test
2100,test
7885,test
2421,test
128,test
7717,test
6204,test
289,test
921,test
5086,test
5106,test
4851,test
8749,test
132,test
7381,test
1391,test
1739,test
4176,test
9601,test
6044,test
884,test
7435,test
2047,test
5209,test
1732,test
2446,test
1039,test
3438,test
8826,test
3104,test
4667,test
7293,test
6894,test
5596,test
4495,test
8378,test
2119,test
8582,test
9276,test
5403,test
1561,test
553,test
7009,test
1683,test
9808,test
405,test
1725,test
5182,test
7967,test
8742,test
6369,test
9146,test
3659,test
6590,test
1427,test
5436,test
2484,test
215,test
9664,test
4632,test
866,test
6283,test
7017,test
1231,test
1290,test
6742,test
1849,test
1019,test
3964,test
351,test
5039,test
7055,test
8107,test
4617,test
585,test
6299,test
2137,test
9317,test
9924,test
80,test
555,test
3474,test
5821,test
6220,test
3026,test
7973,test
3916,test
221,test
8704,test
4111,test
4231,test
7884,test
871,test
6750,test
5953,test
4381,test
3640,test
9837,test
7621,test
3977,test
5496,test
2790,test
3132,test
2261,test
1426,test
1733,test
3080,test
6538,test
8023,test
7225,test
3836,test
5448,test
6434,test
196,test
561,test
9174,test
4566,test
9025,test
986,test
9744,test
7874,test
3806,test
6707,test
9801,test
1848,test
1916,test
4966,test
3678,test
8358,test
8751,test
7384,test
7252,test
3417,test
1429,test
6438,test
7398,test
2747,test
1664,test
2671,test
7684,test
4339,test
7605,test
2324,test
8991,test
8464,test
8488,test
2700,test
6495,test
6276,test
3117,test
2547,test
2707,test
6432,test
2444,test
3912,test
7986,test
8744,test
1713,test
3910,test
2022,test
530,test
597,test
11,test
4887,test
1303,test
5967,test
9372,test
7682,test
6802,test
2420,test
8600,test
1449,test
2742,test
7100,test
6945,test
2050,test
7561,test
6933,test
8962,test
3763,test
2704,test
4699,test
2030,test
8603,test
8482,test
5422,test
8276,test
647,test
842,test
7297,test
6397,test
6501,test
9503,test
4126,test
5590,test
5171,test
8831,test
6090,test
8838,test
9743,test
8677,test
5068,test
3409,test
6251,test
6152,test
6729,test
197,test
1040,test
9685,test
3873,test
5424,test
5563,test
3820,test
4223,test
6986,test
8250,test
926,test
3801,test
3043,test
8429,test
9385,test
5365,test
4461,test
9673,test
9207,test
6247,test
9506,test
5541,test
8405,test
4861,test
2339,test
2808,test
588,test
7858,test
3006,test
7010,test
8244,test
3655,test
991,test
7779,test
8390,test
8760,test
1326,test
1024,test
575,test
2396,test
1300,test
1384,test
1678,test
8288,test
9067,test
1709,test
4050,test
913,test
1067,test
3743,test
4315,test
1310,test
2453,test
8638,test
8531,test
318,test
4877,test
4332,test
1538,test
9893,test
210,test
3424,test
9019,test
7409,test
9904,test
5482,test
5812,test
2404,test
409,test
679,test
9394,test
2985,test
2161,test
8505,test
1127,test
5467,test
6601,test
4312,test
779,test
9854,test
2218,test
1905,test
8084,test
5978,test
4837,test
4695,test
6306,test
2383,test
459,test
1251,test
156,test
843,test
1031,test
1811,test
2033,test
9440,test
1299,test
8351,test
9286,test
9713,test
3991,test
4192,test
6354,test
5291,test
940,test
3455,test
7231,test
5202,test
7027,test
6401,test
8533,test
4143,test
7814,test
3862,test
13,test
2849,test
5907,test
9450,test
9079,test
1914,test
3537,test
8302,test
2765,test
1200,test
5700,test
7335,test
8645,test
7978,test
2417,test
735,test
3814,test
6343,test
6860,test
3106,test
2864,test
5323,test
2430,test
1812,test
9419,test
3792,test
5483,test
8311,test
4625,test
9225,test
7815,test
7972,test
5679,test
6261,test
3603,test
3032,test
5582,test
2118,test
3531,test
1636,test
6456,test
8249,test
7499,test
5218,test
1685,test
7218,test
8844,test
5356,test
7223,test
4587,test
959,test
5307,test
9347,test
8541,test
8642,test
3127,test
7431,test
1950,test
5328,test
2197,test
2994,test
6944,test
5706,test
6884,test
8021,test
8134,test
1978,test
2497,test
143,test
136,test
2625,test
1069,test
8031,test
5523,test
5113,test
1919,test
1433,test
5375,test
1527,test
7540,test
3427,test
5788,test
9282,test
3648,test
9427,test
7950,test
1896,test
4264,test
3098,test
4810,test
8652,test
8693,test
2608,test
1904,test
7226,test
4255,test
9248,test
2778,test
8620,test
7553,test
3718,test
4291,test
6451,test
982,test
4099,test
4604,test
8896,test
7844,test
3459,test
3833,test
7490,test
4028,test
677,test
4324,test
56,test
2414,test
7662,test
2660,test
1938,test
3716,test
7730,test
2413,test
5543,test
810,test
4933,test
2988,test
4136,test
6564,test
4474,test
6889,test
973,test
7739,test
5417,test
3666,test
7345,test
6845,test
7502,test
3712,test
5559,test
6744,test
539,test
8964,test
8957,test
6575,test
4676,test
8247,test
1926,test
4588,test
9810,test
5820,test
5023,test
5030,test
2680,test
3636,test
8129,test
6546,test
8792,test
9038,test
8317,test
6430,test
881,test
9459,test
5574,test
1345,test
4250,test
1241,test
504,test
1813,test
3229,test
5699,test
3754,test
7448,test
656,test
7187,test
2181,test
6817,test
4270,test
4307,test
2445,test
6370,test
1331,test
7576,test
6238,test
2256,test
618,test
1009,test
1879,test
6522,test
1379,test
4967,test
5423,test
6227,test
306,test
7288,test
8500,test
9981,test
9054,test
7174,test
380,test
5295,test
7339,test
6279,test
6572,test
6208,test
6180,test
4392,test
9650,test
6630,test
1616,test
8309,test
4754,test
7287,test
8893,test
313,test
8371,test
4429,test
6121,test
5534,test
7505,test
1448,test
1337,test
2912,test
9311,test
3695,test
6931,test
4394,test
5848,test
3966,test
787,test
9855,test
846,test
6693,test
7015,test
4487,test
3451,test
8472,test
4283,test
5539,test
4673,test
9109,test
9997,test
6057,test
8078,test
3582,test
8485,test
1903,test
7263,test
2169,test
716,test
3671,test
1964,test
7176,test
21,test
9159,test
6182,test
9353,test
2897,test
788,test
4968,test
3785,test
3944,test
7173,test
7313,test
1508,test
924,test
2493,test
9530,test
2129,test
3727,test
1738,test
9881,test
2815,test
7526,test
3699,test
9308,test
2237,test
7045,test
812,test
6012,test
1833,test
5087,test
5478,test
1681,test
3051,test
8361,test
8426,test
5747,test
5793,test
7154,test
6981,test
9912,test
1701,test
4305,test
4614,test
3468,test
8933,test
2624,test
4319,test
2114,test
3682,test
4575,test
7242,test
9410,test
9624,test
6015,test
8883,test
2949,test
5742,test
7016,test
1032,test
2878,test
3766,test
974,test
7805,test
3059,test
9076,test
2195,test
3908,test
1085,test
4296,test
3149,test
2922,test
8145,test
497,test
6292,test
2865,test
3969,test
163,test
1571,test
1,test
6910,test
2881,test
7839,test
323,test
9778,test
7080,test
7871,test
314,test
2043,test
9331,test
7997,test
7340,test
7942,test
5015,test
3570,test
232,test
7177,test
9042,test
248,test
3926,test
8748,test
6554,test
3303,test
7492,test
3989,test
342,test
2884,test
9371,test
9232,test
1418,test
3502,test
7702,test
4766,test
1847,test
2199,test
8150,test
8846,test
978,test
1481,test
4636,test
4994,test
5817,test
4132,test
8525,test
4866,test
7693,test
6311,test
8324,test
2251,test
8445,test
1038,test
1084,test
8549,test
1109,test
9256,test
6035,test
2490,test
6531,test
5072,test
1976,test
4297,test
6504,test
7748,test
3551,test
8112,test
9243,test
1843,test
9643,test
3617,test
3081,test
9889,test
8765,test
3807,test
8939,test
4542,test
6805,test
8738,test
5651,test
5980,test
3037,test
131,test
9091,test
1694,test
8812,test
330,test
3557,test
4697,test
2110,test
7993,test
2566,test
3688,test
520,test
4991,test
3052,test
2606,test
6815,test
4122,test
9534,test
2042,test
2713,test
3130,test
3856,test
7480,test
9529,test
8194,test
7324,test
8106,test
744,test
7736,test
2635,test
8870,test
9402,test
572,test
8519,test
852,test
2804,test
1799,test
3096,test
9234,test
7312,test
4449,test
1605,test
4330,test
7011,test
5719,test
7352,test
9016,test
3013,test
9037,test
4466,test
6280,test
8366,test
4543,test
7498,test
148,test
6215,test
1050,test
4600,test
1045,test
7310,test
8279,test
1750,test
7634,test
9827,test
38,test
4427,test
3251,test
6624,test
7400,test
7474,test
685,test
4963,test
4453,test
1074,test
3170,test
4083,test
3668,test
6364,test
9492,test
7192,test
9,test
4212,test
5350,test
3307,test
3318,test
9950,test
3386,test
9533,test
6348,test
1011,test
6557,test
5787,test
4170,test
8986,test
7557,test
1574,test
4201,test
6111,test
6667,test
9043,test
841,test
5714,test
1691,test
5147,test
2666,test
2554,test
2576,test
2627,test
984,test
2605,test
1314,test
3839,test
7199,test
2302,test
7857,test
5078,test
358,test
7711,test
3257,test
4790,test
4899,test
7463,test
5018,test
2466,test
3876,test
2657,test
474,test
7309,test
5911,test
7090,test
3295,test
7278,test
1957,test
8474,test
1059,test
4786,test
6387,test
8295,test
1003,test
8842,test
9471,test
5489,test
897,test
8135,test
2806,test
1405,test
7518,test
5692,test
431,test
4787,test
9414,test
3022,test
6565,test
4241,test
7362,test
8005,test
4873,test
5786,test
5986,test
4698,test
8722,test
7442,test
5656,test
1650,test
4156,test
9595,test
1727,test
8997,test
6892,test
4985,test
6534,test
4274,test
4,test
7093,test
5945,test
9648,test
3762,test
7175,test
2103,test
7382,test
1874,test
3158,test
9727,test
6540,test
242,test
6381,test
1083,test
2053,test
5633,test
1353,test
3144,test
2618,test
2102,test
7180,test
3618,test
4755,test
5958,test
6316,test
2817,test
9269,test
2693,test
637,test
2270,test
1982,test
4902,test
365,test
2104,test
5324,test
4287,test
5383,test
3163,test
7873,test
4160,test
1344,test
9555,test
1343,test
9803,test
6647,test
5499,test
9589,test
6757,test
261,test
6979,test
2972,test
1524,test
6642,test
7169,test
4565,test
4576,test
8834,test
398,test
6288,test
4652,test
9830,test
9886,test
4013,test
5214,test
404,test
3651,test
592,test
689,test
9316,test
4584,test
6509,test
7872,test
1028,test
9489,test
4141,test
652,test
6212,test
2001,test
4743,test
976,test
2212,test
4404,test
541,test
7402,test
6210,test
4431,test
7775,test
3201,test
7468,test
8196,test
6740,test
4822,test
1325,test
2822,test
6245,test
5377,test
9468,test
9960,test
2443,test
4413,test
4471,test
7041,test
4696,test
914,test
7062,test
6503,test
3729,test
9114,test
7867,test
3321,test
1092,test
3185,test
5149,test
2531,test
6513,test
7659,test
4243,test
6134,test
916,test
7982,test
5665,test
129,test
3255,test
3406,test
632,test
3218,test
272,test
8569,test
2225,test
8300,test
5452,test
2787,test
9189,test
681,test
3320,test
2556,test
5399,test
3538,test
2474,test
6971,test
9755,test
5211,test
3571,test
9736,test
27,test
1104,test
2491,test
7842,test
7742,test
2471,test
9509,test
3232,test
5225,test
3777,test
6032,test
4384,test
941,test
1286,test
6323,test
7066,test
1894,test
5044,test
8570,test
1624,test
7115,test
1806,test
7470,test
5852,test
2039,test
9366,test
5,test
9733,test
6875,test
9031,test
3547,test
1378,test
899,test
6919,test
8462,test
4544,test
3515,test
3118,test
3681,test
3267,test
4454,test
8911,test
3940,test
4610,test
65,test
6184,test
7787,test
833,test
4337,test
4546,test
9987,test
7476,test
2567,test
5701,test
2116,test
3373,test
3946,test
5673,test
1390,test
9446,test
3536,test
214,test
375,test
7919,test
8759,test
3224,test
9656,test
6173,test
7000,test
773,test
2314,test
8556,test
3150,test
8543,test
3309,test
3252,test
4271,test
8865,test
4849,test
9135,test
4085,test
9486,test
5169,test
9765,test
4106,test
997,test
3596,test
1238,test
943,test
8180,test
4626,test
1198,test
3446,test
7262,test
3830,test
8345,test
5110,test
5477,test
2544,test
1402,test
7397,test
6913,test
293,test
8286,test
5119,test
7714,test
8290,test
8513,test
9816,test
3500,test
5795,test
1480,test
9001,test
9212,test
2810,test
2856,test
1082,test
7928,test
7680,test
8801,test
7985,test
1946,test
9633,test
6840,test
8105,test
4601,test
3592,test
873,test
3909,test
7305,test
166,test
1731,test
1150,test
5083,test
1889,test
8583,test
8307,test
7424,test
6838,test
2029,test
377,test
7366,test
1821,test
5433,test
3128,test
8983,test
8537,test
5640,test
7630,test
9857,test
3794,test
5505,test
1867,test
9475,test
5837,test
5286,test
4488,test
9386,test
3513,test
1791,test
55,test
8025,test
9636,test
7677,test
1990,test
5972,test
4765,test
3886,test
7421,test
9320,test
4650,test
591,test
6497,test
8035,test
2094,test
4720,test
7574,test
6848,test
9023,test
5874,test
1210,test
9547,test
5856,test
754,test
4960,test
9069,test
9354,test
1247,test
732,test
5367,test
8708,test
2105,test
8536,test
8169,test
8298,test
2401,test
5996,test
9071,test
4288,test
1754,test
1361,test
4026,test
7441,test
120,test
8787,test
5553,test
518,test
2838,test
5019,test
9130,test
2809,test
7220,test
1710,test
5637,test
4628,test
6295,test
6058,test
823,test
4618,test
2192,test
3575,test
1052,test
6112,test
8419,test
133,test
8649,test
4367,test
8162,test
6583,test
97,test
7133,test
9075,test
6022,test
9411,test
1272,test
6891,test
6816,test
4950,test
7086,test
1968,test
7087,test
6232,test
9751,test
1262,test
8469,test
9300,test
844,test
3733,test
747,test
3302,test
5485,test
9137,test
3091,test
1475,test
6780,test
1425,test
8967,test
5124,test
1091,test
9272,test
4035,test
4327,test
92,test
7651,test
8804,test
3055,test
3376,test
6686,test
2887,test
2941,test
4630,test
8440,test
61,test
1758,test
9015,test
2852,test
6302,test
1187,test
6915,test
4679,test
204,test
3593,test
2172,test
3519,test
2176,test
3955,test
4735,test
9538,test
6014,test
6053,test
9122,test
6116,test
6788,test
2965,test
8707,test
5255,test
4329,test
2781,test
5782,test
8483,test
1320,test
9978,test
9741,test
5896,test
6355,test
5195,test
2963,test
7452,test
7531,test
545,test
9291,test
327,test
1781,test
8015,test
2612,test
9511,test
1152,test
2905,test
4538,test
3859,test
7573,test
7822,test
8206,test
7342,test
7852,test
2459,test
8160,test
8465,test
2537,test
9655,test
4980,test
5658,test
8149,test
8014,test
5406,test
2087,test
2190,test
5643,test
4704,test
8221,test
9850,test
2160,test
6067,test
9969,test
9641,test
3561,test
5623,test
1652,test
6764,test
5090,test
7603,test
3425,test
7373,test
1728,test
624,test
6954,test
9799,test
5091,test
4357,test
2126,test
3771,test
4078,test
3392,test
7851,test
5928,test
2397,test
8934,test
1692,test
3843,test
7292,test
9517,test
119,test
4891,test
6479,test
7807,test
7809,test
8622,test
7769,test
4838,test
6496,test
9484,test
947,test
7094,test
3382,test
5791,test
4081,test
5148,test
5827,test
2011,test
9229,test
7790,test
8314,test
418,test
1313,test
2508,test
850,test
9724,test
5453,test
5041,test
1630,test
7861,test
3271,test
1181,test
5142,test
4591,test
6819,test
4349,test
1273,test
1649,test
8633,test
5944,test
768,test
1667,test
8132,test
1564,test
6177,test
7786,test
4134,test
7326,test
7219,test
1724,test
5290,test
9986,test
8670,test
7642,test
2869,test
3722,test
6703,test
4130,test
8151,test
2277,test
7408,test
8460,test
4775,test
9548,test
5363,test
4577,test
5703,test
7078,test
3527,test
3420,test
2086,test
1349,test
3221,test
8293,test
2262,test
4502,test
4179,test
4100,test
5549,test
6250,test
5095,test
4080,test
5732,test
8908,test
7268,test
5025,test
5302,test
1518,test
3724,test
2350,test
7318,test
4778,test
5830,test
8245,test
2945,test
35,test
9665,test
5346,test
663,test
4619,test
7395,test
5695,test
9861,test
5600,test
8165,test
966,test
9662,test
8723,test
7114,test
5871,test
5844,test
7956,test
5670,test
6266,test
3436,test
4120,test
9482,test
7785,test
8348,test
4458,test
6821,test
1224,test
8171,test
2946,test
426,test
7568,test
5705,test
5034,test
8799,test
9620,test
3895,test
8827,test
6597,test
9635,test
6367,test
9874,test
8211,test
3804,test
6127,test
7849,test
717,test
7285,test
9236,test
2970,test
2773,test
9259,test
5594,test
6712,test
1809,test
354,test
1428,test
2789,test
6005,test
5988,test
7423,test
840,test
5206,test
9558,test
9181,test
8539,test
797,test
2427,test
542,test
3045,test
3034,test
20,test
6526,test
3951,test
2193,test
5391,test
2569,test
2448,test
9762,test
5056,test
6078,test
7648,test
1301,test
7712,test
704,test
8925,test
3463,test
8209,test
3311,test
5427,test
3503,test
2939,test
8262,test
2952,test
274,test
5547,test
7144,test
6645,test
4031,test
249,test
6175,test
706,test
8077,test
8971,test
6887,test
1169,test
3866,test
7701,test
4692,test
5567,test
9541,test
9413,test
5897,test
9759,test
7525,test
1568,test
482,test
8062,test
874,test
9671,test
2081,test
5591,test
3345,test
4794,test
3181,test
2051,test
1626,test
2097,test
7947,test
8193,test
3902,test
8743,test
8887,test
2814,test
6415,test
5270,test
9568,test
6920,test
1669,test
8506,test
9951,test
721,test
6558,test
8110,test
1984,test
1088,test
3472,test
9231,test
8504,test
5305,test
4912,test
9395,test
8944,test
3256,test
5130,test
956,test
8636,test
6863,test
2203,test
7270,test
2258,test
7230,test
2783,test
4374,test
5244,test
4865,test
6420,test
8115,test
2023,test
3643,test
939,test
4627,test
2763,test
7583,test
6553,test
3234,test
240,test
3510,test
8381,test
5738,test
7893,test
6047,test
7248,test
8607,test
6052,test
2903,test
2599,test
2782,test
8612,test
6573,test
5870,test
388,test
6000,test
4379,test
7940,test
6138,test
5663,test
2134,test
5527,test
9108,test
4403,test
8524,test
2917,test
244,test
2080,test
6719,test
2803,test
9312,test
1308,test
2672,test
3949,test
979,test
3412,test
1281,test
6450,test
4059,test
3786,test
1959,test
42,test
5325,test
8447,test
6449,test
5878,test
9452,test
7162,test
6930,test
5357,test
3935,test
5046,test
6360,test
2250,test
870,test
552,test
1307,test
7782,test
1543,test
4015,test
8090,test
8520,test
6236,test
9337,test
287,test
9008,test
7641,test
6548,test
1780,test
1892,test
7407,test
2388,test
962,test
470,test
5184,test
1064,test
3248,test
2861,test
101,test
4258,test
3499,test
8389,test
3523,test
4641,test
1999,test
433,test
8688,test
2640,test
4064,test
1981,test
6674,test
8091,test
6029,test
8269,test
281,test
5313,test
684,test
1853,test
3725,test
1502,test
5840,test
9885,test
1755,test
789,test
7385,test
1850,test
7966,test
9127,test
7602,test
7915,test
1567,test
7046,test
4222,test
734,test
9554,test
7253,test
1217,test
7527,test
5642,test
8901,test
7459,test
6942,test
8030,test
568,test
8625,test
1600,test
4760,test
9583,test
1096,test
6135,test
2433,test
8849,test
7617,test
7056,test
3477,test
1341,test
9160,test
9204,test
1370,test
9381,test
7163,test
9313,test
9982,test
2911,test
9763,test
8364,test
2263,test
4437,test
2936,test
5568,test
417,test
267,test
825,test
5345,test
157,test
4363,test
2842,test
4806,test
3456,test
9676,test
3065,test
6612,test
4113,test
1368,test
9542,test
4701,test
6727,test
4661,test
803,test
1007,test
233,test
1996,test
6155,test
8895,test
9126,test
945,test
5012,test
8976,test
5164,test
7404,test
6563,test
4001,test
6803,test
108,test
2750,test
1670,test
3047,test
1403,test
8285,test
3765,test
2703,test
9488,test
6586,test
5096,test
3851,test
1364,test
4351,test
7992,test
9626,test
5877,test
6767,test
3453,test
8666,test
6020,test
2101,test
794,test
5522,test
1338,test
4450,test
4904,test
6730,test
8654,test
8975,test
1235,test
5121,test
4034,test
386,test
5726,test
3683,test
3194,test
6149,test
5129,test
5620,test
3686,test
2534,test
2943,test
3450,test
5503,test
140,test
6347,test
5268,test
9458,test
6506,test
1108,test
6639,test
977,test
7580,test
420,test
1861,test
9104,test
2456,test
9431,test
3597,test
4671,test
4758,test
9476,test
3328,test
8313,test
653,test
5883,test
2519,test
3176,test
4700,test
8320,test
4342,test
4525,test
9858,test
1183,test
2801,test
5819,test
8085,test
989,test
3974,test
600,test
1584,test
5282,test
5040,test
4196,test
4727,test
9393,test
2735,test
7206,test
2482,test
6101,test
2046,test
3346,test
1089,test
3085,test
6714,test
3812,test
9338,test
8671,test
8730,test
528,test
2539,test
4360,test
6202,test
4060,test
1586,test
283,test
8054,test
5207,test
1753,test
5126,test
7051,test
8979,test
7697,test
76,test
8339,test
2248,test
1686,test
6952,test
9954,test
5728,test
9191,test
