Attack_type,flow_duration,fwd_pkts_tot,bwd_pkts_tot,fwd_data_pkts_tot,bwd_data_pkts_tot,fwd_pkts_per_sec,bwd_pkts_per_sec,flow_pkts_per_sec,down_up_ratio,fwd_header_size_tot,fwd_header_size_min,fwd_header_size_max,bwd_header_size_tot,bwd_header_size_min,bwd_header_size_max,flow_FIN_flag_count,flow_SYN_flag_count,flow_RST_flag_count,fwd_PSH_flag_count,bwd_PSH_flag_count,flow_ACK_flag_count,fwd_URG_flag_count,flow_CWR_flag_count,flow_ECE_flag_count,fwd_pkts_payload.min,fwd_pkts_payload.max,fwd_pkts_payload.tot,fwd_pkts_payload.avg,fwd_pkts_payload.std,bwd_pkts_payload.min,bwd_pkts_payload.max,bwd_pkts_payload.tot,bwd_pkts_payload.avg,bwd_pkts_payload.std,flow_pkts_payload.min,flow_pkts_payload.max,flow_pkts_payload.tot,flow_pkts_payload.avg,flow_pkts_payload.std,fwd_iat.min,fwd_iat.max,fwd_iat.tot,fwd_iat.avg,fwd_iat.std,bwd_iat.min,bwd_iat.max,bwd_iat.tot,bwd_iat.avg,bwd_iat.std,flow_iat.min,flow_iat.max,flow_iat.tot,flow_iat.avg,flow_iat.std,payload_bytes_per_second,fwd_subflow_pkts,bwd_subflow_pkts,fwd_subflow_bytes,bwd_subflow_bytes,fwd_bulk_bytes,bwd_bulk_bytes,fwd_bulk_packets,bwd_bulk_packets,fwd_bulk_rate,bwd_bulk_rate,active.min,active.max,active.tot,active.avg,active.std,idle.min,idle.max,idle.tot,idle.avg,idle.std,fwd_init_window_size,bwd_init_window_size,fwd_last_window_size
ARP_poisioning,73.928912,608,806,38,783,8.224117,10.902365,19.126482,1.325658,12204,20,40,16132,20,32,2,2,1,38,383,1413,0,0,0,0,552,5092,8.375,41.780483,0,2728,1062115,1317.760546,258.54085200000003,0,2728,1067207,754.7432809999999,677.751306,11.920929,58976732.01561,73928911.92,121793.924093,2432311.979846,5.0067900000000005,59249492.168427005,73932232.14149499,91841.28216,2121833.52,0.953674,58976732.01561,74204730.98754899,52515.73318,1594599.316,14435.583755,202.666667,268.666667,1697.3333329999998,354038.3333,1708.5,150045.2857,12.0,110.0,11433.179796,600336.4608369999,272672.1764,3939026.833,4488172.054291001,1496057.351,2115674.485,10739826.917648,58976732.01561,69716558.93,34858279.47,34108642.7,64240,42600,10311
ARP_poisioning,0.168894,6,10,6,10,35.52528,59.2088,94.734079,1.666667,48,8,8,80,8,8,0,0,0,0,0,0,0,0,0,45,1357,2975,495.833333,667.220628,26,1200,6085,608.5,550.649364,26,1357,9060,566.25,577.49176,15.020370000000002,62029.83856,122525.930405,24505.18608,29098.60667,1.907349,56473.01674,119539.9761,13282.219569,22407.66428,1.907349,49353.83797,168893.81408699998,11259.587606,19271.7379,53643.17248,6.0,10.0,2975.0,6085.0,0.0,0.0,0.0,0.0,0.0,0.0,168893.81408699998,168893.81408699998,168893.81408699998,168893.81408699998,0.0,0.0,0.0,0.0,0.0,0.0,0,0,0
ARP_poisioning,0.082206,2,2,2,2,24.329121,24.329121,48.658242,1.0,16,8,8,16,8,8,0,0,0,0,0,0,0,0,0,51,51,102,51.0,0.0,132,148,280,140.0,11.313708,51,148,382,95.5,51.797683,253.915787,253.915787,253.915787,253.915787,0.0,81819.05746499999,81819.05746499999,81819.05746499999,81819.05746499999,0.0,133.037567,81819.05746499999,82206.01082,27402.003606,47126.5898,4646.862147999999,2.0,2.0,102.0,280.0,0.0,0.0,0.0,0.0,0.0,0.0,82206.01082,82206.01082,82206.01082,82206.01082,0.0,0.0,0.0,0.0,0.0,0.0,0,0,0
ARP_poisioning,0.004209,2,2,2,2,475.167554,475.167554,950.335108,1.0,16,8,8,16,8,8,0,0,0,0,0,0,0,0,0,44,44,88,44.0,0.0,78,94,172,86.0,11.313708,44,94,260,65.0,25.113078,16.927719,16.927719,16.927719,16.927719,0.0,1194.0002439999998,1194.0002439999998,1194.0002439999998,1194.0002439999998,0.0,16.927719,2998.113632,4209.041595000001,1403.013865,1501.543334,61771.78203,2.0,2.0,88.0,172.0,0.0,0.0,0.0,0.0,0.0,0.0,4209.041595000001,4209.041595000001,4209.041595000001,4209.041595000001,0.0,0.0,0.0,0.0,0.0,0.0,0,0,0
ARP_poisioning,0.000452,2,2,2,2,4424.371308,4424.371308,8848.742616,1.0,16,8,8,16,8,8,0,0,0,0,0,0,0,0,0,55,55,110,55.0,0.0,71,83,154,77.0,8.485281,55,83,264,66.0,13.613719,18.119812,18.119812,18.119812,18.119812,0.0,123.023987,123.023987,123.023987,123.023987,0.0,18.119812,310.897827,452.041626,150.680542,148.335449,584017.0127,2.0,2.0,110.0,154.0,0.0,0.0,0.0,0.0,0.0,0.0,452.041626,452.041626,452.041626,452.041626,0.0,0.0,0.0,0.0,0.0,0.0,0,0,0
ARP_poisioning,0.0,1,0,1,0,0.0,0.0,0.0,0.0,8,8,8,0,0,0,0,0,0,0,0,0,0,0,0,40,40,40,40.0,0.0,0,0,0,0.0,0.0,40,40,40,40.0,0.0,0.0,0.0,0.0,0.0,0.0,0.0,0.0,0.0,0.0,0.0,0.0,0.0,0.0,0.0,0.0,0.0,1.0,0.0,40.0,0.0,0.0,0.0,0.0,0.0,0.0,0.0,0.0,0.0,0.0,0.0,0.0,0.0,0.0,0.0,0.0,0.0,0,0,0
ARP_poisioning,66.108551,21,19,4,9,0.317659,0.287406,0.605065,0.904762,680,32,40,604,20,40,2,2,1,4,4,38,0,0,0,0,705,1379,65.666667,185.822047,0,1352,8476,446.105263,602.829522,0,1352,9855,246.375,471.646743,7.867813000000001,10496091.84,66108551.025391005,3305427.551,4800026.831,20.980835,10507377.15,66108378.887177005,3672687.716,4961916.257,1.907349,10225275.039673,66379596.95,1702040.947,3678383.139,149.07299999999998,2.625,2.375,172.375,1059.5,0.0,7253.0,0.0,6.0,0.0,15082442.69,270816.803,2808050.871,5331979.9900050005,761711.4271,960344.8836,9967957.02,10225275.039673,61047616.95861801,10174602.83,101967.1708,64240,7240,501
ARP_poisioning,0.000145,2,2,2,2,13774.39737,13774.39737,27548.79475,1.0,16,8,8,16,8,8,0,0,0,0,0,0,0,0,0,45,45,90,45.0,0.0,61,73,134,67.0,8.485281,45,73,224,56.0,13.613719,6.198883,6.198883,6.198883,6.198883,0.0,52.213669,52.213669,52.213669,52.213669,0.0,6.198883,86.784363,145.196915,48.398972,40.427946,1542732.506,2.0,2.0,90.0,134.0,0.0,0.0,0.0,0.0,0.0,0.0,145.196915,145.196915,145.196915,145.196915,0.0,0.0,0.0,0.0,0.0,0.0,0,0,0
ARP_poisioning,0.000388,2,2,2,2,5155.874616,5155.874616,10311.74923,1.0,16,8,8,16,8,8,0,0,0,0,0,0,0,0,0,44,44,88,44.0,0.0,119,135,254,127.0,11.313708,44,135,342,85.5,48.363209000000005,8.106232,8.106232,8.106232,8.106232,0.0,138.998032,138.998032,138.998032,138.998032,0.0,8.106232,240.802765,387.907028,129.302343,116.650863,881654.5593,2.0,2.0,88.0,254.0,0.0,0.0,0.0,0.0,0.0,0.0,387.907028,387.907028,387.907028,387.907028,0.0,0.0,0.0,0.0,0.0,0.0,0,0,0
ARP_poisioning,0.000372,2,2,2,2,5377.312821,5377.312821,10754.62564,1.0,16,8,8,16,8,8,0,0,0,0,0,0,0,0,0,46,46,92,46.0,0.0,78,94,172,86.0,11.313708,46,94,264,66.0,24.0,11.920929,11.920929,11.920929,11.920929,0.0,149.96528600000002,149.96528600000002,149.96528600000002,149.96528600000002,0.0,11.920929,210.046768,371.932983,123.977661,101.5873,709805.2923,2.0,2.0,92.0,172.0,0.0,0.0,0.0,0.0,0.0,0.0,371.932983,371.932983,371.932983,371.932983,0.0,0.0,0.0,0.0,0.0,0.0,0,0,0
ARP_poisioning,0.113258,2,2,2,2,17.658815,17.658815,35.317629,1.0,16,8,8,16,8,8,0,0,0,0,0,0,0,0,0,52,52,104,52.0,0.0,159,319,478,239.0,113.137085,52,319,582,145.5,126.18637,8.821487,8.821487,8.821487,8.821487,0.0,37111.04393,37111.04393,37111.04393,37111.04393,0.0,8.821487,76138.01956,113257.885,37752.62833,38068.65407,5138.715067,2.0,2.0,104.0,478.0,0.0,0.0,0.0,0.0,0.0,0.0,113257.885,113257.885,113257.885,113257.885,0.0,0.0,0.0,0.0,0.0,0.0,0,0,0
ARP_poisioning,13.070975,55,46,36,19,4.207796,3.519248,7.727044,0.836364,1768,32,40,1480,32,40,2,2,0,36,19,100,0,0,0,0,78,1629,29.618182,23.573754,0,922,3926,85.347826,180.70482,0,922,5555,55.0,125.588535,17.881393,10248579.98,13071039.2,242056.281478,1399643.733,15.020370000000002,10249623.060226,13023122.07,289402.7127,1532517.204,1.907349,10248579.98,13071039.2,130710.392,1031223.238,424.987422,27.5,23.0,814.5,1963.0,504.0,0.0,11.0,0.0,15530.122511,0.0,1088.142395,2821371.078,2822459.221,1411229.61,1994241.188978,10248579.98,10248579.98,10248579.98,10248579.98,0.0,64240,65160,501
ARP_poisioning,171.547666,27,30,11,18,0.157391,0.174879,0.332269,1.111111,872,32,40,932,20,40,2,2,0,11,11,56,0,0,0,0,517,2223,82.333333,167.41151499999998,0,2816,21391,713.033333,792.779984,0,2816,23614,414.280702,662.892653,17.881393,58905128.955841005,171547687.1,6597987.964,18561710.04,25.033951,58955050.95,171524081.94541898,5914623.515358999,17669836.89,5.0067900000000005,58905128.955841005,171547687.1,3063351.555,12947289.11,137.652704,6.75,7.5,555.75,5347.75,0.0,15384.0,0.0,11.0,0.0,3242796.9009950003,23564.10027,614783.0486,688585.2814,172146.3203,295093.3803,53912035.94,58905128.955841005,170859101.77230802,56953033.92,2668712.552,64240,1428,501
ARP_poisioning,0.000206,2,2,2,2,9709.037037,9709.037037,19418.07407,1.0,16,8,8,16,8,8,0,0,0,0,0,0,0,0,0,45,45,90,45.0,0.0,45,61,106,53.0,11.313708,45,61,196,49.0,8.0,10.01358,10.01358,10.01358,10.01358,0.0,72.956085,72.956085,72.956085,72.956085,0.0,10.01358,123.023987,205.993652,68.664551,56.627299,951485.6296,2.0,2.0,90.0,106.0,0.0,0.0,0.0,0.0,0.0,0.0,205.993652,205.993652,205.993652,205.993652,0.0,0.0,0.0,0.0,0.0,0.0,0,0,0
ARP_poisioning,0.0,1,0,1,0,0.0,0.0,0.0,0.0,8,8,8,0,0,0,0,0,0,0,0,0,0,0,0,29,29,29,29.0,0.0,0,0,0,0.0,0.0,29,29,29,29.0,0.0,0.0,0.0,0.0,0.0,0.0,0.0,0.0,0.0,0.0,0.0,0.0,0.0,0.0,0.0,0.0,0.0,1.0,0.0,29.0,0.0,0.0,0.0,0.0,0.0,0.0,0.0,0.0,0.0,0.0,0.0,0.0,0.0,0.0,0.0,0.0,0.0,0,0,0
ARP_poisioning,0.023069,2,2,2,2,86.69679000000001,86.69679000000001,173.39358,1.0,16,8,8,16,8,8,0,0,0,0,0,0,0,0,0,41,41,82,41.0,0.0,106,122,228,114.0,11.313708,41,122,310,77.5,42.649736,48.875809,48.875809,48.875809,48.875809,0.0,21957.8743,21957.8743,21957.8743,21957.8743,0.0,48.875809,21957.8743,23068.90488,7689.634959,12367.039820999998,13438.002438999998,2.0,2.0,82.0,228.0,0.0,0.0,0.0,0.0,0.0,0.0,23068.90488,23068.90488,23068.90488,23068.90488,0.0,0.0,0.0,0.0,0.0,0.0,0,0,0
ARP_poisioning,0.004278,2,2,2,2,467.51424,467.51424,935.028479,1.0,16,8,8,16,8,8,0,0,0,0,0,0,0,0,0,47,47,94,47.0,0.0,47,175,222,111.0,90.509668,47,175,316,79.0,64.0,1.907349,1.907349,1.907349,1.907349,0.0,4097.938538,4097.938538,4097.938538,4097.938538,0.0,1.907349,4097.938538,4277.944565,1425.981522,2315.658992,73867.24985,2.0,2.0,94.0,222.0,0.0,0.0,0.0,0.0,0.0,0.0,4277.944565,4277.944565,4277.944565,4277.944565,0.0,0.0,0.0,0.0,0.0,0.0,0,0,0
ARP_poisioning,0.000655,2,2,2,2,3053.734256,3053.734256,6107.468511,1.0,16,8,8,16,8,8,0,0,0,0,0,0,0,0,0,45,45,90,45.0,0.0,45,61,106,53.0,11.313708,45,61,196,49.0,8.0,30.040741,30.040741,30.040741,30.040741,0.0,250.816345,250.816345,250.816345,250.816345,0.0,30.040741,374.078751,654.935837,218.311946,174.307028,299265.957,2.0,2.0,90.0,106.0,0.0,0.0,0.0,0.0,0.0,0.0,654.935837,654.935837,654.935837,654.935837,0.0,0.0,0.0,0.0,0.0,0.0,0,0,0
ARP_poisioning,7.087453999999999,16,13,5,9,2.25751,1.834227,4.091737,0.8125,340,20,40,268,20,28,2,2,1,5,7,27,0,0,0,0,526,1657,103.5625,206.468389,0,1420,7873,605.615385,655.959544,0,1420,9530,328.62069,521.354377,75.10185200000001,4999223.948,7087454.081,472496.938705,1332792.689443,3.099442,4999236.107,7088244.915008999,590687.0763,1488940.29,1.907349,4999190.092087001,7143177.986,255113.4995,988783.4045,1344.629523,5.3333330000000005,4.3333330000000005,552.333333,2624.333333,0.0,0.0,0.0,0.0,0.0,0.0,7143177.986,7143177.986,7143177.986,7143177.986,0.0,0.0,0.0,0.0,0.0,0.0,64240,42340,501
ARP_poisioning,0.002456,2,2,2,2,814.3488980000001,814.3488980000001,1628.6977960000002,1.0,16,8,8,16,8,8,0,0,0,0,0,0,0,0,0,41,41,82,41.0,0.0,96,288,384,192.0,135.764502,41,288,466,116.5,117.236229,6.914139,6.914139,6.914139,6.914139,0.0,45.061111,45.061111,45.061111,45.061111,0.0,6.914139,2403.974533,2455.949783,818.649928,1373.063865,189743.2933,2.0,2.0,82.0,384.0,0.0,0.0,0.0,0.0,0.0,0.0,2455.949783,2455.949783,2455.949783,2455.949783,0.0,0.0,0.0,0.0,0.0,0.0,0,0,0
ARP_poisioning,5.177532,11,11,11,11,2.124564,2.124564,4.249129,1.0,88,8,8,88,8,8,0,0,0,0,0,0,0,0,0,31,1357,3457,314.272727,523.387063,28,1357,9302,845.6363640000001,606.9499599999999,28,1357,12759,579.954545,616.292021,16.927719,4944293.976,5138522.148,513852.2148,1556810.47,5.0067900000000005,4983149.052,5146893.024,514689.3024,1570250.719,5.0067900000000005,4944293.976,5177531.958,246549.1408,1076513.559,2464.301545,5.5,5.5,1728.5,4651.0,0.0,0.0,0.0,0.0,0.0,0.0,5177531.958,5177531.958,5177531.958,5177531.958,0.0,0.0,0.0,0.0,0.0,0.0,0,0,0
ARP_poisioning,0.060028,2,2,2,2,33.317875,33.317875,66.63575,1.0,16,8,8,16,8,8,0,0,0,0,0,0,0,0,0,50,50,100,50.0,0.0,88,216,304,152.0,90.509668,50,216,404,101.0,78.731612,5.960464,5.960464,5.960464,5.960464,0.0,77.962875,77.962875,77.962875,77.962875,0.0,5.960464,59943.91441,60027.83775,20009.27925,34584.42728,6730.210768000001,2.0,2.0,100.0,304.0,0.0,0.0,0.0,0.0,0.0,0.0,60027.83775,60027.83775,60027.83775,60027.83775,0.0,0.0,0.0,0.0,0.0,0.0,0,0,0
ARP_poisioning,0.097021,2,2,2,2,20.614123,20.614123,41.228245,1.0,16,8,8,16,8,8,0,0,0,0,0,0,0,0,0,45,45,90,45.0,0.0,45,77,122,61.0,22.627417,45,77,212,53.0,16.0,5.960464,5.960464,5.960464,5.960464,0.0,96931.93436,96931.93436,96931.93436,96931.93436,0.0,5.960464,96931.93436,97020.86449,32340.28816,55938.01973,2185.097001,2.0,2.0,90.0,122.0,0.0,0.0,0.0,0.0,0.0,0.0,97020.86449,97020.86449,97020.86449,97020.86449,0.0,0.0,0.0,0.0,0.0,0.0,0,0,0
ARP_poisioning,0.0,1,0,1,0,0.0,0.0,0.0,0.0,8,8,8,0,0,0,0,0,0,0,0,0,0,0,0,47,47,47,47.0,0.0,0,0,0,0.0,0.0,47,47,47,47.0,0.0,0.0,0.0,0.0,0.0,0.0,0.0,0.0,0.0,0.0,0.0,0.0,0.0,0.0,0.0,0.0,0.0,1.0,0.0,47.0,0.0,0.0,0.0,0.0,0.0,0.0,0.0,0.0,0.0,0.0,0.0,0.0,0.0,0.0,0.0,0.0,0.0,0,0,0
ARP_poisioning,0.0,1,0,1,0,0.0,0.0,0.0,0.0,8,8,8,0,0,0,0,0,0,0,0,0,0,0,0,39,39,39,39.0,0.0,0,0,0,0.0,0.0,39,39,39,39.0,0.0,0.0,0.0,0.0,0.0,0.0,0.0,0.0,0.0,0.0,0.0,0.0,0.0,0.0,0.0,0.0,0.0,1.0,0.0,39.0,0.0,0.0,0.0,0.0,0.0,0.0,0.0,0.0,0.0,0.0,0.0,0.0,0.0,0.0,0.0,0.0,0.0,0,0,0
ARP_poisioning,0.0,1,0,1,0,0.0,0.0,0.0,0.0,8,8,8,0,0,0,0,0,0,0,0,0,0,0,0,46,46,46,46.0,0.0,0,0,0,0.0,0.0,46,46,46,46.0,0.0,0.0,0.0,0.0,0.0,0.0,0.0,0.0,0.0,0.0,0.0,0.0,0.0,0.0,0.0,0.0,0.0,1.0,0.0,46.0,0.0,0.0,0.0,0.0,0.0,0.0,0.0,0.0,0.0,0.0,0.0,0.0,0.0,0.0,0.0,0.0,0.0,0,0,0
ARP_poisioning,0.00189,2,2,2,2,1058.23237,1058.23237,2116.464741,1.0,16,8,8,16,8,8,0,0,0,0,0,0,0,0,0,44,44,88,44.0,0.0,60,72,132,66.0,8.485281,44,72,220,55.0,13.613719,15.974045000000002,15.974045000000002,15.974045000000002,15.974045000000002,0.0,719.070435,719.070435,719.070435,719.070435,0.0,15.974045000000002,1154.899597,1889.944077,629.981359,574.6655559999999,116405.5607,2.0,2.0,88.0,132.0,0.0,0.0,0.0,0.0,0.0,0.0,1889.944077,1889.944077,1889.944077,1889.944077,0.0,0.0,0.0,0.0,0.0,0.0,0,0,0
ARP_poisioning,0.0,1,0,1,0,0.0,0.0,0.0,0.0,8,8,8,0,0,0,0,0,0,0,0,0,0,0,0,29,29,29,29.0,0.0,0,0,0,0.0,0.0,29,29,29,29.0,0.0,0.0,0.0,0.0,0.0,0.0,0.0,0.0,0.0,0.0,0.0,0.0,0.0,0.0,0.0,0.0,0.0,1.0,0.0,29.0,0.0,0.0,0.0,0.0,0.0,0.0,0.0,0.0,0.0,0.0,0.0,0.0,0.0,0.0,0.0,0.0,0.0,0,0,0
ARP_poisioning,0.277151,2,2,2,2,7.216286,7.216286,14.432572,1.0,16,8,8,16,8,8,0,0,0,0,0,0,0,0,0,53,53,106,53.0,0.0,132,144,276,138.0,8.485281,53,144,382,95.5,49.318692,15.020370000000002,15.020370000000002,15.020370000000002,15.020370000000002,0.0,55706.02417,55706.02417,55706.02417,55706.02417,0.0,15.020370000000002,221429.8248,277150.8694,92383.62312,115174.0579,1378.310668,2.0,2.0,106.0,276.0,0.0,0.0,0.0,0.0,0.0,0.0,277150.8694,277150.8694,277150.8694,277150.8694,0.0,0.0,0.0,0.0,0.0,0.0,0,0,0
ARP_poisioning,0.000394,2,2,2,2,5074.777979,5074.777979,10149.555959,1.0,16,8,8,16,8,8,0,0,0,0,0,0,0,0,0,53,53,106,53.0,0.0,132,144,276,138.0,8.485281,53,144,382,95.5,49.318692,9.059906,9.059906,9.059906,9.059906,0.0,152.111053,152.111053,152.111053,152.111053,0.0,9.059906,232.934952,394.105911,131.368637,113.369727,969282.594071,2.0,2.0,106.0,276.0,0.0,0.0,0.0,0.0,0.0,0.0,394.105911,394.105911,394.105911,394.105911,0.0,0.0,0.0,0.0,0.0,0.0,0,0,0
ARP_poisioning,0.0,1,0,1,0,0.0,0.0,0.0,0.0,8,8,8,0,0,0,0,0,0,0,0,0,0,0,0,50,50,50,50.0,0.0,0,0,0,0.0,0.0,50,50,50,50.0,0.0,0.0,0.0,0.0,0.0,0.0,0.0,0.0,0.0,0.0,0.0,0.0,0.0,0.0,0.0,0.0,0.0,1.0,0.0,50.0,0.0,0.0,0.0,0.0,0.0,0.0,0.0,0.0,0.0,0.0,0.0,0.0,0.0,0.0,0.0,0.0,0.0,0,0,0
ARP_poisioning,0.0,1,0,1,0,0.0,0.0,0.0,0.0,8,8,8,0,0,0,0,0,0,0,0,0,0,0,0,50,50,50,50.0,0.0,0,0,0,0.0,0.0,50,50,50,50.0,0.0,0.0,0.0,0.0,0.0,0.0,0.0,0.0,0.0,0.0,0.0,0.0,0.0,0.0,0.0,0.0,0.0,1.0,0.0,50.0,0.0,0.0,0.0,0.0,0.0,0.0,0.0,0.0,0.0,0.0,0.0,0.0,0.0,0.0,0.0,0.0,0.0,0,0,0
ARP_poisioning,0.127506,2,2,2,2,15.685564,15.685564,31.371127,1.0,16,8,8,16,8,8,0,0,0,0,0,0,0,0,0,44,44,88,44.0,0.0,44,60,104,52.0,11.313708,44,60,192,48.0,8.0,11.920929,11.920929,11.920929,11.920929,0.0,126199.960709,126199.960709,126199.960709,126199.960709,0.0,11.920929,126199.960709,127505.779266,42501.926422,72487.45804,1505.814098,2.0,2.0,88.0,104.0,0.0,0.0,0.0,0.0,0.0,0.0,127505.779266,127505.779266,127505.779266,127505.779266,0.0,0.0,0.0,0.0,0.0,0.0,0,0,0
ARP_poisioning,90.071812,31,22,19,9,0.34417,0.24425,0.5884189999999999,0.709677,1000,32,40,688,20,44,2,2,3,15,9,49,0,0,0,0,1408,7738,249.612903,471.244217,0,539,2088,94.909091,188.035688,0,1408,9826,185.396226,385.122625,6.914139,29923954.01001,90046381.0,3001546.033,9048900.402,5.0067900000000005,30015816.926956,90009109.02023299,4286148.049,10652311.81,5.0067900000000005,29923954.01001,90071812.15,1732150.234,6981565.795960001,109.090733,7.75,5.5,1934.5,522.0,0.0,0.0,0.0,0.0,0.0,0.0,65365.07607,806903.1239,1057278.156,264319.5391,362545.0479,29173963.07,29923954.01001,89014534.0,29671511.33,430905.051266,64240,28960,501
ARP_poisioning,30.738733,27,37,27,37,0.8783709999999999,1.203693,2.082064,1.37037,216,8,8,296,8,8,0,0,0,0,0,0,0,0,0,31,1357,8381,310.407407,476.785572,28,1357,20411,551.648649,625.68146,28,1357,28792,449.875,576.139905,75.10185200000001,29481864.93,30659417.87,1179208.38,5772935.314756,9.059906,29424565.076828003,30603045.23,850084.5896,4898762.239,9.059906,29356688.022614,30738733.053207003,487916.3977,3695979.202,936.668403,13.5,18.5,4190.5,10205.5,0.0,5758.5,0.0,5.5,0.0,388403.9492,400724.8878,981320.142746,1382045.030594,691022.5152970001,410542.8419,29356688.022614,29356688.022614,29356688.022614,29356688.022614,0.0,0,0,0
ARP_poisioning,0.094115,2,2,2,2,21.250593,21.250593,42.501187,1.0,16,8,8,16,8,8,0,0,0,0,0,0,0,0,0,64,64,128,64.0,0.0,64,80,144,72.0,11.313708,64,80,272,68.0,8.0,589.847565,589.847565,589.847565,589.847565,0.0,45957.08847,45957.08847,45957.08847,45957.08847,0.0,589.847565,47568.08281,94115.01885,31371.672948000003,26670.00949,2890.080705,2.0,2.0,128.0,144.0,0.0,0.0,0.0,0.0,0.0,0.0,94115.01885,94115.01885,94115.01885,94115.01885,0.0,0.0,0.0,0.0,0.0,0.0,0,0,0
ARP_poisioning,0.0225819999999999,2,2,2,2,88.56590200000001,88.56590200000001,177.131805,1.0,16,8,8,16,8,8,0,0,0,0,0,0,0,0,0,41,41,82,41.0,0.0,106,122,228,114.0,11.313708,41,122,310,77.5,42.649736,7.152557000000001,7.152557000000001,7.152557000000001,7.152557000000001,0.0,22272.10999,22272.10999,22272.10999,22272.10999,0.0,7.152557000000001,22272.10999,22582.05414,7527.351379000001,12770.19109,13727.71485,2.0,2.0,82.0,228.0,0.0,0.0,0.0,0.0,0.0,0.0,22582.05414,22582.05414,22582.05414,22582.05414,0.0,0.0,0.0,0.0,0.0,0.0,0,0,0
ARP_poisioning,0.000197,2,2,2,2,10143.41959,10143.41959,20286.83918,1.0,16,8,8,16,8,8,0,0,0,0,0,0,0,0,0,44,44,88,44.0,0.0,44,140,184,92.0,67.882251,44,140,272,68.0,48.0,9.059906,9.059906,9.059906,9.059906,0.0,61.988831000000005,61.988831000000005,61.988831000000005,61.988831000000005,0.0,9.059906,126.123428,197.172165,65.724055,58.621080000000006,1379505.064,2.0,2.0,88.0,184.0,0.0,0.0,0.0,0.0,0.0,0.0,197.172165,197.172165,197.172165,197.172165,0.0,0.0,0.0,0.0,0.0,0.0,0,0,0
ARP_poisioning,0.013216,4,2,0,0,302.663011,151.331505,453.994516,0.5,136,32,40,72,32,40,2,2,0,0,0,5,0,0,0,0,0,0,0.0,0.0,0,0,0,0.0,0.0,0,0,0,0.0,0.0,473.022461,8187.055587999999,13220.071793,4406.690597999999,3859.300864,8665.084839,8665.084839,8665.084839,8665.084839,0.0,4.053116,8183.002472,13220.071793,2644.014359,3638.073576,0.0,4.0,2.0,0.0,0.0,0.0,0.0,0.0,0.0,0.0,0.0,13220.071793,13220.071793,13220.071793,13220.071793,0.0,0.0,0.0,0.0,0.0,0.0,64240,28960,502
ARP_poisioning,0.0,1,0,1,0,0.0,0.0,0.0,0.0,8,8,8,0,0,0,0,0,0,0,0,0,0,0,0,50,50,50,50.0,0.0,0,0,0,0.0,0.0,50,50,50,50.0,0.0,0.0,0.0,0.0,0.0,0.0,0.0,0.0,0.0,0.0,0.0,0.0,0.0,0.0,0.0,0.0,0.0,1.0,0.0,50.0,0.0,0.0,0.0,0.0,0.0,0.0,0.0,0.0,0.0,0.0,0.0,0.0,0.0,0.0,0.0,0.0,0.0,0,0,0
DDOS_Slowloris,30.562709,8,7,4,1,0.261757,0.229037,0.4907939999999999,0.875,264,32,40,220,20,40,1,2,1,4,1,13,0,0,0,0,168,210,26.25,57.75997099999999,0,482,482,68.85714300000001,182.178876,0,482,692,46.133333,127.96923,10.01358,15749294.996262,30562703.847885,4366100.549698001,6548142.294,196.933746,15737915.992737,30562694.072723,5093782.345,6855461.413,1.907349,15737915.992737,30562708.85,2183050.632,4989450.242858999,22.641972,2.0,1.75,52.5,120.5,0.0,0.0,0.0,0.0,0.0,0.0,1.907349,3340327.978,3343157.768,1114385.923,1927722.885,11481635.09,15737915.992737,27219551.09,13609775.54,3009645.086,64240,65160,501
DDOS_Slowloris,0.000181,8,0,2,0,44150.568421,0.0,44150.568421,0.0,260,20,40,0,0,0,1,2,1,2,0,6,0,0,0,0,126,212,26.5,50.219518,0,0,0,0.0,0.0,0,126,212,26.5,50.219518,5.960464,115.871429,181.19812,25.885446,40.69302,0.0,0.0,0.0,0.0,0.0,5.960464,115.871429,181.19812,25.885446,40.69302,1169990.063,8.0,0.0,212.0,0.0,0.0,0.0,0.0,0.0,0.0,0.0,181.19812,181.19812,181.19812,181.19812,0.0,0.0,0.0,0.0,0.0,0.0,65476,0,0
DDOS_Slowloris,30.706471,7,12,4,5,0.227965,0.390797,0.618762,1.714286,232,32,40,380,20,40,6,2,1,4,5,17,0,0,0,0,168,210,30.0,61.354163,0,482,2410,200.833333,248.19561,0,482,2620,137.89473700000002,214.634287,7.152557000000001,15998502.016067998,30706459.999084003,5117743.333180999,6979458.765,121.116638,12720633.029938,30706457.14,2791496.103,4743482.487185,0.953674,12720633.029938,30706471.204758003,1705915.067,3896143.246,85.324034,1.4,2.4,42.0,482.0,0.0,0.0,0.0,0.0,0.0,0.0,0.953674,6350067.139,6353075.266,2117691.755,3665344.908559,11632762.91,12720633.029938,24353395.94,12176697.97,769240.3396109999,64240,65160,501
DDOS_Slowloris,30.559441,8,7,4,1,0.261785,0.229062,0.490847,0.875,264,32,40,220,20,40,1,2,1,4,1,13,0,0,0,0,168,211,26.375,57.745594,0,482,482,68.85714300000001,182.178876,0,482,693,46.2,127.954903,10.01358,15751523.971558,30559432.03,4365633.147103,6547805.171,133.037567,15742022.04,30559393.88,5093232.314,6856626.161648001,5.960464,15742022.04,30559440.85,2182817.204,4989592.936,22.677116,2.0,1.75,52.75,120.5,0.0,0.0,0.0,0.0,0.0,0.0,5.960464,3335655.928,3338063.7168880003,1112687.9056290002,1925147.151588,11479355.1,15742022.04,27221377.13,13610688.57,3014160.7,64240,65160,501
DDOS_Slowloris,30.791163,7,13,4,6,0.227338,0.422199,0.649537,1.857143,232,32,40,412,20,40,7,2,1,4,6,18,0,0,0,0,168,208,29.714286,61.407693,0,482,2892,222.461538,250.097519,0,482,3100,155.0,222.69285,9.775162,15371420.86,30791140.79,5131856.799,6769475.869,98.94371,11710288.05,30791146.99,2565928.916,3852712.317,4.053116,11710283.99,30791162.97,1620587.525,3266528.67,100.678237,1.166667,2.166667,34.666667,482.0,0.0,0.0,0.0,0.0,0.0,0.0,4.053116,10386646.03,10390326.02,3463442.008,5995670.842,8690552.95,11710283.99,20400836.94,10200418.47,2135272.299,64240,65160,501
DDOS_Slowloris,30.589674,7,10,4,3,0.2288349999999999,0.326908,0.555743,1.4285709999999998,232,32,40,316,20,40,4,2,1,4,3,15,0,0,0,0,168,210,30.0,61.354163,0,482,1446,144.6,232.82812,0,482,1656,97.411765,187.840377,22.888184,15442795.04,30589652.06,5098275.343576999,6755422.207,66.041946,14732406.85463,30589643.96,3398849.328,5693312.114,3.099442,14732406.85463,30589673.995972,1911854.625,4505190.647,54.135915,1.75,2.5,52.5,361.5,0.0,0.0,0.0,0.0,0.0,0.0,3.099442,4345551.014,4349075.079,1449691.692988,2507888.355,11508192.06,14732406.85463,26240598.92,13120299.458504,2279864.144,64240,65160,501
DDOS_Slowloris,0.000508,8,0,2,0,15753.25446,0.0,15753.25446,0.0,260,20,40,0,0,0,1,2,1,2,0,6,0,0,0,0,126,212,26.5,50.219518,0,0,0,0.0,0.0,0,126,212,26.5,50.219518,20.027161,322.1035,507.8315730000001,72.547368,110.885378,0.0,0.0,0.0,0.0,0.0,20.027161,322.1035,507.8315730000001,72.547368,110.885378,417461.2432,8.0,0.0,212.0,0.0,0.0,0.0,0.0,0.0,0.0,0.0,507.8315730000001,507.8315730000001,507.8315730000001,507.8315730000001,0.0,0.0,0.0,0.0,0.0,0.0,65476,0,0
DDOS_Slowloris,0.004162,4,3,2,0,961.059518,720.794638,1681.854156,0.75,136,32,40,104,32,40,0,2,0,2,0,6,0,0,0,0,168,188,47.0,81.215762,0,0,0,0.0,0.0,0,168,188,26.857143,62.682875,4.053116,2475.976944,4158.973693999999,1386.324565,1261.674004,1669.883728,2474.069595,4143.953323,2071.976662,568.64528,3.099442,2457.857132,4162.073135000001,693.678856,1089.274219,45169.79733,4.0,3.0,188.0,0.0,0.0,0.0,0.0,0.0,0.0,0.0,4162.073135000001,4162.073135000001,4162.073135000001,4162.073135000001,0.0,0.0,0.0,0.0,0.0,0.0,64240,65160,502
DDOS_Slowloris,0.000529,8,0,2,0,15121.42046,0.0,15121.42046,0.0,260,20,40,0,0,0,1,2,1,2,0,6,0,0,0,0,126,212,26.5,50.219518,0,0,0,0.0,0.0,0,126,212,26.5,50.219518,20.027161,319.004059,529.0508269999999,75.57869000000001,109.510717,0.0,0.0,0.0,0.0,0.0,20.027161,319.004059,529.0508269999999,75.57869000000001,109.510717,400717.6422,8.0,0.0,212.0,0.0,0.0,0.0,0.0,0.0,0.0,0.0,529.0508269999999,529.0508269999999,529.0508269999999,529.0508269999999,0.0,0.0,0.0,0.0,0.0,0.0,65476,0,0
DDOS_Slowloris,30.862407,8,12,4,5,0.259215,0.388823,0.648038,1.5,276,32,44,380,20,40,6,2,1,4,5,18,0,0,0,0,168,210,26.25,57.75997099999999,0,482,2410,200.833333,248.19561,0,482,2620,131.0,211.170423,15.020370000000002,15157100.2,30862401.96228,4408914.566,6426511.645,105.142593,11778985.02,30862360.00061,2805669.091,4273737.186185,5.0067900000000005,11778980.02,30862406.96907,1624337.209,3275847.3738450003,84.892925,1.333333,2.0,35.0,401.666667,0.0,0.0,0.0,0.0,0.0,0.0,5.0067900000000005,10456772.09,10459291.93,3486430.645,6036492.894,8624135.017394999,11778980.02,20403115.03,10201557.52,2230812.293,64240,65160,501
DDOS_Slowloris,24.19477,6,5,4,0,0.2479869999999999,0.206656,0.4546439999999999,0.833333,200,32,40,168,32,40,0,2,0,4,0,10,0,0,0,0,168,210,35.0,65.59878,0,0,0,0.0,0.0,0,168,210,19.090909,49.856704,241.041183,19068413.02,24194764.14,4838952.827,8257392.121544001,1881.122589,19068418.03,24194755.08,6048688.769,9008678.714,0.953674,19068412.07,24194770.1,2419477.01,6067000.83,8.679561999999999,2.0,1.666667,70.0,0.0,0.0,0.0,0.0,0.0,0.0,0.0,0.953674,6700.9925840000005,6707.906723,2235.968908,3866.824743,5119650.126,19068412.07,24188062.19101,12094031.095505,9863264.157,64240,65160,502
DDOS_Slowloris,30.54012,8,7,4,1,0.261951,0.229207,0.4911569999999999,0.875,264,32,40,220,20,40,1,2,1,4,1,13,0,0,0,0,168,210,26.25,57.75997099999999,0,482,482,68.85714300000001,182.178876,0,482,692,46.133333,127.96923,10.967255,15749742.03,30540116.07,4362873.725,6543883.473,163.07830800000002,15740184.07,30540104.866028003,5090017.478,6852171.425,1.907349,15740184.07,30540119.89,2181437.135,4986551.999,22.658719,2.0,1.75,52.5,120.5,0.0,0.0,0.0,0.0,0.0,0.0,1.907349,3336464.882,3340154.886,1113384.962,1925244.567428,11459780.93,15740184.07,27199965.0,13599982.5,3026702.0845310003,64240,65160,501
DDOS_Slowloris,0.006299,4,3,2,0,635.0195309999999,476.264648,1111.284179,0.75,136,32,40,104,32,40,0,2,0,2,0,6,0,0,0,0,168,189,47.25,81.106412,0,0,0,0.0,0.0,0,168,189,27.0,62.665780000000005,25.033951,3996.84906,6265.878677000001,2088.6262260000003,1990.460641,2232.074738,4028.081894,6260.156631,3130.078316,1269.968839,25.033951,3957.986832,6299.01886,1049.836477,1666.931247,30004.67282,4.0,3.0,189.0,0.0,0.0,0.0,0.0,0.0,0.0,0.0,6299.01886,6299.01886,6299.01886,6299.01886,0.0,0.0,0.0,0.0,0.0,0.0,64240,65160,502
DDOS_Slowloris,30.505273,6,5,4,0,0.196687,0.163906,0.360593,0.833333,200,32,40,168,32,40,0,2,0,4,0,10,0,0,0,0,168,211,35.166667,65.554303,0,0,0,0.0,0.0,0,168,211,19.181818,49.859439,6.914139,19074118.14,30505268.1,6101053.619384999,8779478.866,1262.9032140000002,19074112.89,30505256.89,7626314.222813001,9341451.877,4.768372,19074108.123779003,30505272.87,3050527.28653,6678100.743276999,6.916836999999999,2.0,1.666667,70.333333,0.0,0.0,0.0,0.0,0.0,0.0,0.0,4.768372,2727.985382,2742.767334,914.255778,1570.738102,11428421.97,19074108.123779003,30502530.097961,15251265.05,5406316.523,64240,65160,502
DDOS_Slowloris,0.005223,4,3,2,0,765.838134,574.3786,1340.216734,0.75,136,32,40,104,32,40,0,2,0,2,0,6,0,0,0,0,168,188,47.0,81.215762,0,0,0,0.0,0.0,0,168,188,26.857143,62.682875,10.967255,2889.871597,5188.941956000001,1729.6473190000002,1518.527972,2287.149429,2887.964249,5175.113678,2587.556839,424.840233,10.967255,2841.949463,5223.035812,870.5059689999999,1312.330739,35994.3923,4.0,3.0,188.0,0.0,0.0,0.0,0.0,0.0,0.0,0.0,5223.035812,5223.035812,5223.035812,5223.035812,0.0,0.0,0.0,0.0,0.0,0.0,64240,65160,502
DDOS_Slowloris,24.254001,6,5,4,0,0.247382,0.206152,0.453533,0.833333,200,32,40,168,32,40,0,2,0,4,0,10,0,0,0,0,168,211,35.166667,65.554303,0,0,0,0.0,0.0,0,168,211,19.181818,49.859439,401.02005,19068341.97,24253994.941711,4850798.988,8258076.205,2192.020416,19068345.79,24253968.95,6063492.239,9006860.333,2.145767,19068339.824677,24254000.9,2425400.09,6070039.751,8.699596000000001,2.0,1.666667,70.333333,0.0,0.0,0.0,0.0,0.0,0.0,0.0,2.145767,5643.129349,5651.23558,1883.745193,3255.72274,5180009.842,19068339.824677,24248349.67,12124174.83,9820532.31,64240,65160,502
DDOS_Slowloris,0.006604,4,3,2,0,605.697534,454.273151,1059.970685,0.75,136,32,40,104,32,40,0,2,0,2,0,6,0,0,0,0,168,189,47.25,81.106412,0,0,0,0.0,0.0,0,168,189,27.0,62.665780000000005,5.0067900000000005,4957.914352000001,6584.882736,2194.960912,2525.681986,1635.074615,4961.013794,6596.088409,3298.044205,2351.794147,5.0067900000000005,4941.940308,6603.956222999999,1100.65937,1987.967423,28619.20849,4.0,3.0,189.0,0.0,0.0,0.0,0.0,0.0,0.0,0.0,6603.956222999999,6603.956222999999,6603.956222999999,6603.956222999999,0.0,0.0,0.0,0.0,0.0,0.0,64240,65160,502
DDOS_Slowloris,0.002798,4,3,2,0,1429.551466,1072.163599,2501.715065,0.75,136,32,40,104,32,40,0,2,0,2,0,6,0,0,0,0,168,189,47.25,81.106412,0,0,0,0.0,0.0,0,168,189,27.0,62.665780000000005,10.01358,1549.005508,2775.907516,925.302505,809.870855,1206.159592,1572.847366,2779.006958,1389.503479,259.287412,10.01358,1529.932022,2798.080444,466.346741,698.524008,67546.30675,4.0,3.0,189.0,0.0,0.0,0.0,0.0,0.0,0.0,0.0,2798.080444,2798.080444,2798.080444,2798.080444,0.0,0.0,0.0,0.0,0.0,0.0,64240,65160,502
DDOS_Slowloris,21.201499,5,4,3,0,0.235832,0.188666,0.4244979999999999,0.8,168,32,40,136,32,40,0,2,0,3,0,8,0,0,0,0,168,199,39.8,72.154002,0,0,0,0.0,0.0,0,168,199,22.111111,55.164401,293.016434,21194616.79,21201493.98,5300373.495,10596162.3,3298.044205,21194600.82,21201469.9,7067156.6327410005,12234725.56,5.0067900000000005,21194595.81,21201498.99,2650187.373,7493072.689282001,9.386129,2.5,2.0,99.5,0.0,0.0,0.0,0.0,0.0,0.0,0.0,5.0067900000000005,6898.164749,6903.171539,3451.58577,4874.198737,21194595.81,21194595.81,21194595.81,21194595.81,0.0,64240,65160,502
DDOS_Slowloris,26.377959000000004,6,5,4,0,0.227463,0.189552,0.4170149999999999,0.833333,200,32,40,168,32,40,0,2,0,4,0,10,0,0,0,0,168,211,35.166667,65.554303,0,0,0,0.0,0.0,0,168,211,19.181818,49.859439,669.9562070000001,19072908.16,26377954.01,5275590.801,8335537.351,1635.074615,19072912.22,26377941.13,6594485.283,9002498.853,0.953674,19072907.21,26377959.012985,2637795.9012990003,6213819.921,7.999103,2.0,1.666667,70.333333,0.0,0.0,0.0,0.0,0.0,0.0,0.0,0.953674,3819.942474,3825.902939,1275.30098,2203.7251100000003,7301225.901,19072907.21,26374133.11,13187066.56,8323835.679,64240,65160,502
DDOS_Slowloris,0.000504,8,0,2,0,15872.48439,0.0,15872.48439,0.0,260,20,40,0,0,0,1,2,1,2,0,6,0,0,0,0,126,212,26.5,50.219518,0,0,0,0.0,0.0,0,126,212,26.5,50.219518,20.027161,315.904617,504.016876,72.002411,108.42708,0.0,0.0,0.0,0.0,0.0,20.027161,315.904617,504.016876,72.002411,108.42708,420620.8363,8.0,0.0,212.0,0.0,0.0,0.0,0.0,0.0,0.0,0.0,504.016876,504.016876,504.016876,504.016876,0.0,0.0,0.0,0.0,0.0,0.0,65476,0,0
DDOS_Slowloris,0.020797,4,3,2,0,192.335301,144.251476,336.586777,0.75,136,32,40,104,32,40,0,2,0,2,0,6,0,0,0,0,168,188,47.0,81.215762,0,0,0,0.0,0.0,0,168,188,26.857143,62.682875,24.080276,18437.8624,20774.84131,6924.947103,10035.93973,2293.109894,18452.88277,20745.99266,10372.99633,11426.68498,22.172928,18386.84082,20797.014236000003,3466.169039,7364.136590999999,9039.759163,4.0,3.0,188.0,0.0,0.0,0.0,0.0,0.0,0.0,0.0,20797.014236000003,20797.014236000003,20797.014236000003,20797.014236000003,0.0,0.0,0.0,0.0,0.0,0.0,64240,65160,502
DDOS_Slowloris,0.000505,8,0,2,0,15842.50803,0.0,15842.50803,0.0,260,20,40,0,0,0,1,2,1,2,0,6,0,0,0,0,126,212,26.5,50.219518,0,0,0,0.0,0.0,0,126,212,26.5,50.219518,20.980835,298.976898,504.970551,72.13865,101.929436,0.0,0.0,0.0,0.0,0.0,20.980835,298.976898,504.970551,72.13865,101.929436,419826.462701,8.0,0.0,212.0,0.0,0.0,0.0,0.0,0.0,0.0,0.0,504.970551,504.970551,504.970551,504.970551,0.0,0.0,0.0,0.0,0.0,0.0,65476,0,0
DDOS_Slowloris,24.205439,6,5,4,0,0.247878,0.206565,0.454443,0.833333,200,32,40,168,32,40,0,2,0,4,0,10,0,0,0,0,168,210,35.0,65.59878,0,0,0,0.0,0.0,0,168,210,19.090909,49.856704,15.974045000000002,19068403.01,24205433.85,4841086.769,8258102.423,1281.023026,19068405.87,24205410.0,6051352.501,9009071.081,2.145767,19068400.86,24205438.85,2420543.885,6067902.927,8.675736,2.0,1.666667,70.0,0.0,0.0,0.0,0.0,0.0,0.0,0.0,2.145767,2692.937851,2700.090408,900.030136,1552.704287,5134337.9020690005,19068400.86,24202738.76,12101369.38,9852870.407,64240,65160,502
DDOS_Slowloris,30.511767,6,5,4,0,0.196645,0.163871,0.360517,0.833333,200,32,40,168,32,40,0,2,0,4,0,10,0,0,0,0,168,211,35.166667,65.554303,0,0,0,0.0,0.0,0,168,211,19.181818,49.859439,5.0067900000000005,19075191.97,30511760.95,6102352.19,8780373.018,1307.010651,19075192.93,30511736.87,7627934.217,9342224.254,5.0067900000000005,19075186.97,30511766.910553005,3051176.691,6678954.09,6.915365,2.0,1.666667,70.333333,0.0,0.0,0.0,0.0,0.0,0.0,0.0,5.0067900000000005,3726.959229,3737.926483,1245.975494,2148.594993,11432842.02,19075186.97,30508028.984070003,15254014.492035002,5403953.939,64240,65160,502
DDOS_Slowloris,0.003054,4,3,2,0,1309.696799,982.2726,2291.969399,0.75,136,32,40,104,32,40,0,2,0,2,0,6,0,0,0,0,168,189,47.25,81.106412,0,0,0,0.0,0.0,0,168,189,27.0,62.665780000000005,46.014786,1507.997513,3032.207489,1010.73583,835.605807,1461.982727,1544.952393,3006.93512,1503.46756,58.668413,21.934509,1460.790634,3054.141998,509.023666,729.287289,61883.17377,4.0,3.0,189.0,0.0,0.0,0.0,0.0,0.0,0.0,0.0,3054.141998,3054.141998,3054.141998,3054.141998,0.0,0.0,0.0,0.0,0.0,0.0,64240,65160,502
DDOS_Slowloris,26.337583,6,5,4,0,0.227811,0.189843,0.4176539999999999,0.833333,200,32,40,168,32,40,0,2,0,4,0,10,0,0,0,0,168,211,35.166667,65.554303,0,0,0,0.0,0.0,0,168,211,19.181818,49.859439,406.980515,19072545.05,26337578.06,5267515.612,8332709.237596001,2156.019211,19072545.05,26337566.137314003,6584391.534,9000972.063,5.0067900000000005,19072540.04,26337583.07,2633758.306503,6210226.763,8.011365,2.0,1.666667,70.333333,0.0,0.0,0.0,0.0,0.0,0.0,0.0,5.0067900000000005,5054.950714,5064.964293999999,1688.3214309999998,2915.586484,7259978.055953999,19072540.04,26332518.100739,13166259.05,8352742.685,64240,65160,502
DDOS_Slowloris,21.2059,5,4,3,0,0.235783,0.188627,0.42441,0.8,168,32,40,136,32,40,0,2,0,3,0,8,0,0,0,0,168,199,39.8,72.154002,0,0,0,0.0,0.0,0,168,199,22.111111,55.164401,25.987625,21203119.04,21205894.95,5301473.737,10601096.89,1205.205917,21203110.93,21205871.11,7068623.702,12240825.01,5.0067900000000005,21203105.93,21205899.953842003,2650737.494,7496288.896,9.384181,2.5,2.0,99.5,0.0,0.0,0.0,0.0,0.0,0.0,0.0,5.0067900000000005,2789.020538,2794.027328,1397.013664,1968.595,21203105.93,21203105.93,21203105.93,21203105.93,0.0,64240,65160,502
DDOS_Slowloris,30.838587,8,12,4,5,0.259415,0.389123,0.6485380000000001,1.5,276,32,44,380,20,40,6,2,1,4,5,18,0,0,0,0,168,210,26.25,57.75997099999999,0,482,2410,200.833333,248.19561,0,482,2620,131.0,211.170423,10.967255,15166289.09,30838550.81,4405507.258,6424245.207,149.011612,11752959.01,30838569.879532,2803506.353,4268749.3671430005,10.967255,11752927.06,30838586.807251003,1623083.516,3273653.878,84.958497,1.333333,2.0,35.0,401.666667,0.0,0.0,0.0,0.0,0.0,0.0,31.948090000000004,10431684.97,10434396.74,3478132.248,6021953.45,8651262.999,11752927.06,20404190.06,10202095.03,2193207.694,64240,65160,501
DDOS_Slowloris,26.387463,6,5,4,0,0.227381,0.1894839999999999,0.416865,0.833333,200,32,40,168,32,40,0,2,0,4,0,10,0,0,0,0,168,210,35.0,65.59878,0,0,0,0.0,0.0,0,168,210,19.090909,49.856704,18.119812,19071311.95,26387456.89,5277491.379,8335653.198,1624.107361,19071313.86,26387414.932251003,6596853.733062999,9002180.547855001,4.053116,19071307.9,26387462.85,2638746.285,6214334.451,7.958325,2.0,1.666667,70.0,0.0,0.0,0.0,0.0,0.0,0.0,0.0,4.053116,3375.0534060000005,3385.066986,1128.355662,1945.697554,7312769.889832001,19071307.9,26384077.787399,13192038.89,8314541.962110001,64240,65160,502
DDOS_Slowloris,21.198151,5,4,3,0,0.2358699999999999,0.188696,0.4245649999999999,0.8,168,32,40,136,32,40,0,2,0,3,0,8,0,0,0,0,168,197,39.4,72.358828,0,0,0,0.0,0.0,0,168,197,21.888889,55.218757,407.934189,21190606.12,21198145.15,5299536.288,10594046.657562,3594.16008,21190574.88,21198134.899139,7066044.966,12232201.73,5.960464,21190568.92,21198151.11,2649768.889,7491614.695958001,9.293263,2.5,2.0,98.5,0.0,0.0,0.0,0.0,0.0,0.0,0.0,5.960464,7576.227188,7582.187653,3791.093826,5352.986936,21190568.92,21190568.92,21190568.92,21190568.92,0.0,64240,65160,502
DDOS_Slowloris,0.004047,4,3,2,0,988.40674,741.3050549999999,1729.711795,0.75,136,32,40,104,32,40,0,2,0,2,0,6,0,0,0,0,168,188,47.0,81.215762,0,0,0,0.0,0.0,0,168,188,26.857143,62.682875,10.01358,2517.938614,4012.823105,1337.607702,1260.431209,1511.096954,2518.892288,4029.989243,2014.994621,712.618915,10.01358,2484.798431,4046.916962,674.4861599999999,1058.50257,46455.11677,4.0,3.0,188.0,0.0,0.0,0.0,0.0,0.0,0.0,0.0,4046.916962,4046.916962,4046.916962,4046.916962,0.0,0.0,0.0,0.0,0.0,0.0,64240,65160,502
DDOS_Slowloris,0.000145,8,0,2,0,55097.58949,0.0,55097.58949,0.0,260,20,40,0,0,0,1,2,1,2,0,6,0,0,0,0,126,212,26.5,50.219518,0,0,0,0.0,0.0,0,126,212,26.5,50.219518,5.0067900000000005,84.877014,145.196915,20.742416,29.115715,0.0,0.0,0.0,0.0,0.0,5.0067900000000005,84.877014,145.196915,20.742416,29.115715,1460086.122,8.0,0.0,212.0,0.0,0.0,0.0,0.0,0.0,0.0,0.0,145.196915,145.196915,145.196915,145.196915,0.0,0.0,0.0,0.0,0.0,0.0,65476,0,0
DDOS_Slowloris,24.18372,7,4,5,0,0.289451,0.165401,0.454851,0.571429,232,32,40,136,32,40,0,2,0,5,0,10,0,0,0,0,189,399,57.0,83.530434,0,0,0,0.0,0.0,0,189,399,36.272727,70.805495,8.106232,19068427.8,24183713.91,4030618.985494,7591388.227921001,432998.8956,19068433.046341,24183710.1,8061236.699,9766415.521,0.953674,19068426.847458,24183720.11,2418372.011185,6028964.46,16.498701999999998,2.333333,1.333333,133.0,0.0,0.0,0.0,0.0,0.0,0.0,0.0,6.198883,5115287.066,5115293.264,2557646.632,3617049.788463,19068426.847458,19068426.847458,19068426.847458,19068426.847458,0.0,64240,65160,502
DDOS_Slowloris,21.23509,5,4,3,0,0.235459,0.188367,0.423827,0.8,168,32,40,136,32,40,0,2,0,3,0,8,0,0,0,0,168,200,40.0,72.086753,0,0,0,0.0,0.0,0,168,200,22.222222,55.160624,25.033951,21231611.97,21235054.02,5308763.504,10615232.34,1503.944397,21231614.82811,21235039.949417,7078346.649805999,12257089.79,25.033951,21231578.826904003,21235090.02,2654386.252,7506319.376807,9.418373,2.5,2.0,100.0,0.0,0.0,0.0,0.0,0.0,0.0,0.0,36.001205,3475.1892090000006,3511.190414,1755.595207,2431.873159,21231578.826904003,21231578.826904003,21231578.826904003,21231578.826904003,0.0,64240,65160,502
DDOS_Slowloris,30.783668,7,13,4,6,0.2273929999999999,0.422302,0.649695,1.857143,232,32,40,412,20,40,7,2,1,4,6,18,0,0,0,0,168,211,30.142857,61.300975,0,482,2892,222.461538,250.097519,0,482,3103,155.15,222.594811,475.168228,15368506.908417,30783658.03,5130609.671,6765036.727,96.082687,11697515.01,30783620.83,2565301.736,3850290.906497,4.053116,11697510.96,30783667.802811,1620193.042,3264658.067,100.800204,1.166667,2.166667,35.166667,482.0,0.0,0.0,0.0,0.0,0.0,0.0,4.053116,10370637.89,10380966.9,3460322.301,5984511.077,8705189.943,11697510.96,20402700.9,10201350.45,2115890.4807720003,64240,65160,501
DDOS_Slowloris,0.00412,4,3,2,0,970.903704,728.177778,1699.081481,0.75,136,32,40,104,32,40,0,2,0,2,0,6,0,0,0,0,168,188,47.0,81.215762,0,0,0,0.0,0.0,0,168,188,26.857143,62.682875,7.152557000000001,2116.918564,4085.063934,1361.687978,1175.649975,1973.867416,2119.064331,4092.931747,2046.465874,102.669723,7.152557000000001,2089.977264,4119.873047,686.6455080000001,1029.711566,45632.47407,4.0,3.0,188.0,0.0,0.0,0.0,0.0,0.0,0.0,0.0,4119.873047,4119.873047,4119.873047,4119.873047,0.0,0.0,0.0,0.0,0.0,0.0,64240,65160,502
DDOS_Slowloris,30.658351,7,11,4,4,0.228323,0.358793,0.587116,1.5714290000000002,232,32,40,348,20,40,5,2,1,4,4,16,0,0,0,0,168,210,30.0,61.326992,0,482,1928,175.272727,243.18104,0,482,2138,118.777778,203.529895,5.0067900000000005,15290389.060973998,30658346.176146995,5109724.363,6717007.829,123.977661,13725914.0,30658332.11,3065833.211,5208924.787,0.953674,13725914.0,30658351.182938,1803432.422526,4202169.958587999,69.736301,1.75,2.75,52.5,482.0,0.0,0.0,0.0,0.0,0.0,0.0,0.953674,5346147.06,5350143.194,1783381.0647330002,3085446.506,11582293.99,13725914.0,25308207.988739,12654103.99,1515768.248,64240,65160,501
DDOS_Slowloris,25.294968,6,5,4,0,0.237201,0.197668,0.4348689999999999,0.833333,200,32,40,168,32,40,0,2,0,4,0,10,0,0,0,0,168,210,35.0,65.59878,0,0,0,0.0,0.0,0,168,210,19.090909,49.856704,9.059906,19066622.02,25294961.93,5058992.386,8281378.961700999,891.208649,19066618.919373,25294949.05,6323737.264,8987643.885927001,5.960464,19066612.96,25294967.889786,2529496.789,6131049.933,8.302047,2.0,1.666667,70.0,0.0,0.0,0.0,0.0,0.0,0.0,0.0,5.960464,2927.064896,2942.085266,980.695089,1685.60641,6225412.845612001,19066612.96,25292025.8,12646012.9,9080099.679,64240,65160,502
DDOS_Slowloris,30.84427,8,12,4,5,0.259367,0.389051,0.648419,1.5,276,32,44,380,20,40,6,2,1,4,5,18,0,0,0,0,168,211,26.375,57.745594,0,482,2410,200.833333,248.19561,0,482,2621,131.05,211.14287400000003,17.881393,15166529.178619,30844264.03,4406323.433,6425566.433,102.043152,11759739.875793,30844253.06,2804023.006,4273994.295,5.960464,11759733.92,30844269.990921,1623382.631101,3275525.840935,84.975264,1.333333,2.0,35.166667,401.666667,0.0,0.0,0.0,0.0,0.0,0.0,5.960464,10435899.02,10438612.94,3479537.646,6024385.819,8645923.138,11759733.92,20405657.05,10202828.53,2201796.716,64240,65160,501
DOS_SYN_Hping,1e-06,1,1,1,0,1048576.0,1048576.0,2097152.0,1.0,20,20,20,20,20,20,0,1,1,0,0,1,0,0,0,120,120,120,120.0,0.0,0,0,0,0.0,0.0,0,120,120,60.0,84.852814,0.0,0.0,0.0,0.0,0.0,0.0,0.0,0.0,0.0,0.0,0.953674,0.953674,0.953674,0.953674,0.0,125829120.0,1.0,1.0,120.0,0.0,0.0,0.0,0.0,0.0,0.0,0.0,0.953674,0.953674,0.953674,0.953674,0.0,0.0,0.0,0.0,0.0,0.0,64,0,64
DOS_SYN_Hping,4e-06,1,1,1,0,262144.0,262144.0,524288.0,1.0,20,20,20,20,20,20,0,1,1,0,0,1,0,0,0,120,120,120,120.0,0.0,0,0,0,0.0,0.0,0,120,120,60.0,84.852814,0.0,0.0,0.0,0.0,0.0,0.0,0.0,0.0,0.0,0.0,3.814697,3.814697,3.814697,3.814697,0.0,31457280.0,1.0,1.0,120.0,0.0,0.0,0.0,0.0,0.0,0.0,0.0,3.814697,3.814697,3.814697,3.814697,0.0,0.0,0.0,0.0,0.0,0.0,64,0,64
DOS_SYN_Hping,4e-06,1,1,1,0,246723.7647,246723.7647,493447.5294,1.0,20,20,20,20,20,20,0,1,1,0,0,1,0,0,0,120,120,120,120.0,0.0,0,0,0,0.0,0.0,0,120,120,60.0,84.852814,0.0,0.0,0.0,0.0,0.0,0.0,0.0,0.0,0.0,0.0,4.053116,4.053116,4.053116,4.053116,0.0,29606851.76,1.0,1.0,120.0,0.0,0.0,0.0,0.0,0.0,0.0,0.0,4.053116,4.053116,4.053116,4.053116,0.0,0.0,0.0,0.0,0.0,0.0,64,0,64
DOS_SYN_Hping,4e-06,1,1,1,0,246723.7647,246723.7647,493447.5294,1.0,20,20,20,20,20,20,0,1,1,0,0,1,0,0,0,120,120,120,120.0,0.0,0,0,0,0.0,0.0,0,120,120,60.0,84.852814,0.0,0.0,0.0,0.0,0.0,0.0,0.0,0.0,0.0,0.0,4.053116,4.053116,4.053116,4.053116,0.0,29606851.76,1.0,1.0,120.0,0.0,0.0,0.0,0.0,0.0,0.0,0.0,4.053116,4.053116,4.053116,4.053116,0.0,0.0,0.0,0.0,0.0,0.0,64,0,64
DOS_SYN_Hping,1e-06,1,1,1,0,1048576.0,1048576.0,2097152.0,1.0,20,20,20,20,20,20,0,1,1,0,0,1,0,0,0,120,120,120,120.0,0.0,0,0,0,0.0,0.0,0,120,120,60.0,84.852814,0.0,0.0,0.0,0.0,0.0,0.0,0.0,0.0,0.0,0.0,0.953674,0.953674,0.953674,0.953674,0.0,125829120.0,1.0,1.0,120.0,0.0,0.0,0.0,0.0,0.0,0.0,0.0,0.953674,0.953674,0.953674,0.953674,0.0,0.0,0.0,0.0,0.0,0.0,64,0,64
DOS_SYN_Hping,5e-06,1,1,1,0,199728.7619,199728.7619,399457.5238,1.0,20,20,20,20,20,20,0,1,1,0,0,1,0,0,0,120,120,120,120.0,0.0,0,0,0,0.0,0.0,0,120,120,60.0,84.852814,0.0,0.0,0.0,0.0,0.0,0.0,0.0,0.0,0.0,0.0,5.0067900000000005,5.0067900000000005,5.0067900000000005,5.0067900000000005,0.0,23967451.43,1.0,1.0,120.0,0.0,0.0,0.0,0.0,0.0,0.0,0.0,5.0067900000000005,5.0067900000000005,5.0067900000000005,5.0067900000000005,0.0,0.0,0.0,0.0,0.0,0.0,64,0,64
DOS_SYN_Hping,4e-06,1,1,1,0,262144.0,262144.0,524288.0,1.0,20,20,20,20,20,20,0,1,1,0,0,1,0,0,0,120,120,120,120.0,0.0,0,0,0,0.0,0.0,0,120,120,60.0,84.852814,0.0,0.0,0.0,0.0,0.0,0.0,0.0,0.0,0.0,0.0,3.814697,3.814697,3.814697,3.814697,0.0,31457280.0,1.0,1.0,120.0,0.0,0.0,0.0,0.0,0.0,0.0,0.0,3.814697,3.814697,3.814697,3.814697,0.0,0.0,0.0,0.0,0.0,0.0,64,0,64
DOS_SYN_Hping,4e-06,1,1,1,0,246723.7647,246723.7647,493447.5294,1.0,20,20,20,20,20,20,0,1,1,0,0,1,0,0,0,120,120,120,120.0,0.0,0,0,0,0.0,0.0,0,120,120,60.0,84.852814,0.0,0.0,0.0,0.0,0.0,0.0,0.0,0.0,0.0,0.0,4.053116,4.053116,4.053116,4.053116,0.0,29606851.76,1.0,1.0,120.0,0.0,0.0,0.0,0.0,0.0,0.0,0.0,4.053116,4.053116,4.053116,4.053116,0.0,0.0,0.0,0.0,0.0,0.0,64,0,64
DOS_SYN_Hping,1e-06,1,1,1,0,1048576.0,1048576.0,2097152.0,1.0,20,20,20,20,20,20,0,1,1,0,0,1,0,0,0,120,120,120,120.0,0.0,0,0,0,0.0,0.0,0,120,120,60.0,84.852814,0.0,0.0,0.0,0.0,0.0,0.0,0.0,0.0,0.0,0.0,0.953674,0.953674,0.953674,0.953674,0.0,125829120.0,1.0,1.0,120.0,0.0,0.0,0.0,0.0,0.0,0.0,0.0,0.953674,0.953674,0.953674,0.953674,0.0,0.0,0.0,0.0,0.0,0.0,64,0,64
DOS_SYN_Hping,1e-06,1,1,1,0,1048576.0,1048576.0,2097152.0,1.0,20,20,20,20,20,20,0,1,1,0,0,1,0,0,0,120,120,120,120.0,0.0,0,0,0,0.0,0.0,0,120,120,60.0,84.852814,0.0,0.0,0.0,0.0,0.0,0.0,0.0,0.0,0.0,0.0,0.953674,0.953674,0.953674,0.953674,0.0,125829120.0,1.0,1.0,120.0,0.0,0.0,0.0,0.0,0.0,0.0,0.0,0.953674,0.953674,0.953674,0.953674,0.0,0.0,0.0,0.0,0.0,0.0,64,0,64
DOS_SYN_Hping,4e-06,1,1,1,0,246723.7647,246723.7647,493447.5294,1.0,20,20,20,20,20,20,0,1,1,0,0,1,0,0,0,120,120,120,120.0,0.0,0,0,0,0.0,0.0,0,120,120,60.0,84.852814,0.0,0.0,0.0,0.0,0.0,0.0,0.0,0.0,0.0,0.0,4.053116,4.053116,4.053116,4.053116,0.0,29606851.76,1.0,1.0,120.0,0.0,0.0,0.0,0.0,0.0,0.0,0.0,4.053116,4.053116,4.053116,4.053116,0.0,0.0,0.0,0.0,0.0,0.0,64,0,64
DOS_SYN_Hping,1e-06,1,1,1,0,838860.8,838860.8,1677721.6,1.0,20,20,20,20,20,20,0,1,1,0,0,1,0,0,0,120,120,120,120.0,0.0,0,0,0,0.0,0.0,0,120,120,60.0,84.852814,0.0,0.0,0.0,0.0,0.0,0.0,0.0,0.0,0.0,0.0,1.192093,1.192093,1.192093,1.192093,0.0,100663296.0,1.0,1.0,120.0,0.0,0.0,0.0,0.0,0.0,0.0,0.0,1.192093,1.192093,1.192093,1.192093,0.0,0.0,0.0,0.0,0.0,0.0,64,0,64
DOS_SYN_Hping,4e-06,1,1,1,0,262144.0,262144.0,524288.0,1.0,20,20,20,20,20,20,0,1,1,0,0,1,0,0,0,120,120,120,120.0,0.0,0,0,0,0.0,0.0,0,120,120,60.0,84.852814,0.0,0.0,0.0,0.0,0.0,0.0,0.0,0.0,0.0,0.0,3.814697,3.814697,3.814697,3.814697,0.0,31457280.0,1.0,1.0,120.0,0.0,0.0,0.0,0.0,0.0,0.0,0.0,3.814697,3.814697,3.814697,3.814697,0.0,0.0,0.0,0.0,0.0,0.0,64,0,64
DOS_SYN_Hping,1e-06,1,1,1,0,1048576.0,1048576.0,2097152.0,1.0,20,20,20,20,20,20,0,1,1,0,0,1,0,0,0,120,120,120,120.0,0.0,0,0,0,0.0,0.0,0,120,120,60.0,84.852814,0.0,0.0,0.0,0.0,0.0,0.0,0.0,0.0,0.0,0.0,0.953674,0.953674,0.953674,0.953674,0.0,125829120.0,1.0,1.0,120.0,0.0,0.0,0.0,0.0,0.0,0.0,0.0,0.953674,0.953674,0.953674,0.953674,0.0,0.0,0.0,0.0,0.0,0.0,64,0,64
DOS_SYN_Hping,1e-06,1,1,1,0,1048576.0,1048576.0,2097152.0,1.0,20,20,20,20,20,20,0,1,1,0,0,1,0,0,0,120,120,120,120.0,0.0,0,0,0,0.0,0.0,0,120,120,60.0,84.852814,0.0,0.0,0.0,0.0,0.0,0.0,0.0,0.0,0.0,0.0,0.953674,0.953674,0.953674,0.953674,0.0,125829120.0,1.0,1.0,120.0,0.0,0.0,0.0,0.0,0.0,0.0,0.0,0.953674,0.953674,0.953674,0.953674,0.0,0.0,0.0,0.0,0.0,0.0,64,0,64
DOS_SYN_Hping,5e-06,1,1,1,0,199728.7619,199728.7619,399457.5238,1.0,20,20,20,20,20,20,0,1,1,0,0,1,0,0,0,120,120,120,120.0,0.0,0,0,0,0.0,0.0,0,120,120,60.0,84.852814,0.0,0.0,0.0,0.0,0.0,0.0,0.0,0.0,0.0,0.0,5.0067900000000005,5.0067900000000005,5.0067900000000005,5.0067900000000005,0.0,23967451.43,1.0,1.0,120.0,0.0,0.0,0.0,0.0,0.0,0.0,0.0,5.0067900000000005,5.0067900000000005,5.0067900000000005,5.0067900000000005,0.0,0.0,0.0,0.0,0.0,0.0,64,0,64
DOS_SYN_Hping,1e-06,1,1,1,0,1048576.0,1048576.0,2097152.0,1.0,20,20,20,20,20,20,0,1,1,0,0,1,0,0,0,120,120,120,120.0,0.0,0,0,0,0.0,0.0,0,120,120,60.0,84.852814,0.0,0.0,0.0,0.0,0.0,0.0,0.0,0.0,0.0,0.0,0.953674,0.953674,0.953674,0.953674,0.0,125829120.0,1.0,1.0,120.0,0.0,0.0,0.0,0.0,0.0,0.0,0.0,0.953674,0.953674,0.953674,0.953674,0.0,0.0,0.0,0.0,0.0,0.0,64,0,64
DOS_SYN_Hping,6e-06,1,1,1,0,167772.16,167772.16,335544.32,1.0,20,20,20,20,20,20,0,1,1,0,0,1,0,0,0,120,120,120,120.0,0.0,0,0,0,0.0,0.0,0,120,120,60.0,84.852814,0.0,0.0,0.0,0.0,0.0,0.0,0.0,0.0,0.0,0.0,5.960464,5.960464,5.960464,5.960464,0.0,20132659.2,1.0,1.0,120.0,0.0,0.0,0.0,0.0,0.0,0.0,0.0,5.960464,5.960464,5.960464,5.960464,0.0,0.0,0.0,0.0,0.0,0.0,64,0,64
DOS_SYN_Hping,4e-06,1,1,1,0,246723.7647,246723.7647,493447.5294,1.0,20,20,20,20,20,20,0,1,1,0,0,1,0,0,0,120,120,120,120.0,0.0,0,0,0,0.0,0.0,0,120,120,60.0,84.852814,0.0,0.0,0.0,0.0,0.0,0.0,0.0,0.0,0.0,0.0,4.053116,4.053116,4.053116,4.053116,0.0,29606851.76,1.0,1.0,120.0,0.0,0.0,0.0,0.0,0.0,0.0,0.0,4.053116,4.053116,4.053116,4.053116,0.0,0.0,0.0,0.0,0.0,0.0,64,0,64
DOS_SYN_Hping,5e-06,1,1,1,0,199728.7619,199728.7619,399457.5238,1.0,20,20,20,20,20,20,0,1,1,0,0,1,0,0,0,120,120,120,120.0,0.0,0,0,0,0.0,0.0,0,120,120,60.0,84.852814,0.0,0.0,0.0,0.0,0.0,0.0,0.0,0.0,0.0,0.0,5.0067900000000005,5.0067900000000005,5.0067900000000005,5.0067900000000005,0.0,23967451.43,1.0,1.0,120.0,0.0,0.0,0.0,0.0,0.0,0.0,0.0,5.0067900000000005,5.0067900000000005,5.0067900000000005,5.0067900000000005,0.0,0.0,0.0,0.0,0.0,0.0,64,0,64
DOS_SYN_Hping,0.0,1,0,1,0,0.0,0.0,0.0,0.0,20,20,20,0,0,0,0,1,0,0,0,0,0,0,0,120,120,120,120.0,0.0,0,0,0,0.0,0.0,120,120,120,120.0,0.0,0.0,0.0,0.0,0.0,0.0,0.0,0.0,0.0,0.0,0.0,0.0,0.0,0.0,0.0,0.0,0.0,1.0,0.0,120.0,0.0,0.0,0.0,0.0,0.0,0.0,0.0,0.0,0.0,0.0,0.0,0.0,0.0,0.0,0.0,0.0,0.0,64,0,64
DOS_SYN_Hping,5e-06,1,1,1,0,199728.7619,199728.7619,399457.5238,1.0,20,20,20,20,20,20,0,1,1,0,0,1,0,0,0,120,120,120,120.0,0.0,0,0,0,0.0,0.0,0,120,120,60.0,84.852814,0.0,0.0,0.0,0.0,0.0,0.0,0.0,0.0,0.0,0.0,5.0067900000000005,5.0067900000000005,5.0067900000000005,5.0067900000000005,0.0,23967451.43,1.0,1.0,120.0,0.0,0.0,0.0,0.0,0.0,0.0,0.0,5.0067900000000005,5.0067900000000005,5.0067900000000005,5.0067900000000005,0.0,0.0,0.0,0.0,0.0,0.0,64,0,64
DOS_SYN_Hping,0.0,1,0,1,0,0.0,0.0,0.0,0.0,20,20,20,0,0,0,0,1,0,0,0,0,0,0,0,120,120,120,120.0,0.0,0,0,0,0.0,0.0,120,120,120,120.0,0.0,0.0,0.0,0.0,0.0,0.0,0.0,0.0,0.0,0.0,0.0,0.0,0.0,0.0,0.0,0.0,0.0,1.0,0.0,120.0,0.0,0.0,0.0,0.0,0.0,0.0,0.0,0.0,0.0,0.0,0.0,0.0,0.0,0.0,0.0,0.0,0.0,64,0,64
DOS_SYN_Hping,4e-06,1,1,1,0,246723.7647,246723.7647,493447.5294,1.0,20,20,20,20,20,20,0,1,1,0,0,1,0,0,0,120,120,120,120.0,0.0,0,0,0,0.0,0.0,0,120,120,60.0,84.852814,0.0,0.0,0.0,0.0,0.0,0.0,0.0,0.0,0.0,0.0,4.053116,4.053116,4.053116,4.053116,0.0,29606851.76,1.0,1.0,120.0,0.0,0.0,0.0,0.0,0.0,0.0,0.0,4.053116,4.053116,4.053116,4.053116,0.0,0.0,0.0,0.0,0.0,0.0,64,0,64
DOS_SYN_Hping,5e-06,1,1,1,0,199728.7619,199728.7619,399457.5238,1.0,20,20,20,20,20,20,0,1,1,0,0,1,0,0,0,120,120,120,120.0,0.0,0,0,0,0.0,0.0,0,120,120,60.0,84.852814,0.0,0.0,0.0,0.0,0.0,0.0,0.0,0.0,0.0,0.0,5.0067900000000005,5.0067900000000005,5.0067900000000005,5.0067900000000005,0.0,23967451.43,1.0,1.0,120.0,0.0,0.0,0.0,0.0,0.0,0.0,0.0,5.0067900000000005,5.0067900000000005,5.0067900000000005,5.0067900000000005,0.0,0.0,0.0,0.0,0.0,0.0,64,0,64
DOS_SYN_Hping,5e-06,1,1,1,0,199728.7619,199728.7619,399457.5238,1.0,20,20,20,20,20,20,0,1,1,0,0,1,0,0,0,120,120,120,120.0,0.0,0,0,0,0.0,0.0,0,120,120,60.0,84.852814,0.0,0.0,0.0,0.0,0.0,0.0,0.0,0.0,0.0,0.0,5.0067900000000005,5.0067900000000005,5.0067900000000005,5.0067900000000005,0.0,23967451.43,1.0,1.0,120.0,0.0,0.0,0.0,0.0,0.0,0.0,0.0,5.0067900000000005,5.0067900000000005,5.0067900000000005,5.0067900000000005,0.0,0.0,0.0,0.0,0.0,0.0,64,0,64
DOS_SYN_Hping,4e-06,1,1,1,0,262144.0,262144.0,524288.0,1.0,20,20,20,20,20,20,0,1,1,0,0,1,0,0,0,120,120,120,120.0,0.0,0,0,0,0.0,0.0,0,120,120,60.0,84.852814,0.0,0.0,0.0,0.0,0.0,0.0,0.0,0.0,0.0,0.0,3.814697,3.814697,3.814697,3.814697,0.0,31457280.0,1.0,1.0,120.0,0.0,0.0,0.0,0.0,0.0,0.0,0.0,3.814697,3.814697,3.814697,3.814697,0.0,0.0,0.0,0.0,0.0,0.0,64,0,64
DOS_SYN_Hping,6e-06,1,1,1,0,161319.38461500002,161319.38461500002,322638.7692,1.0,20,20,20,20,20,20,0,1,1,0,0,1,0,0,0,120,120,120,120.0,0.0,0,0,0,0.0,0.0,0,120,120,60.0,84.852814,0.0,0.0,0.0,0.0,0.0,0.0,0.0,0.0,0.0,0.0,6.198883,6.198883,6.198883,6.198883,0.0,19358326.15,1.0,1.0,120.0,0.0,0.0,0.0,0.0,0.0,0.0,0.0,6.198883,6.198883,6.198883,6.198883,0.0,0.0,0.0,0.0,0.0,0.0,64,0,64
DOS_SYN_Hping,0.0,1,1,1,0,0.0,0.0,0.0,1.0,20,20,20,20,20,20,0,1,1,0,0,1,0,0,0,120,120,120,120.0,0.0,0,0,0,0.0,0.0,0,120,120,60.0,84.852814,0.0,0.0,0.0,0.0,0.0,0.0,0.0,0.0,0.0,0.0,0.0,0.0,0.0,0.0,0.0,0.0,1.0,1.0,120.0,0.0,0.0,0.0,0.0,0.0,0.0,0.0,0.0,0.0,0.0,0.0,0.0,0.0,0.0,0.0,0.0,0.0,64,0,64
DOS_SYN_Hping,7.000000000000001e-06,1,1,1,0,139810.1333,139810.1333,279620.2667,1.0,20,20,20,20,20,20,0,1,1,0,0,1,0,0,0,120,120,120,120.0,0.0,0,0,0,0.0,0.0,0,120,120,60.0,84.852814,0.0,0.0,0.0,0.0,0.0,0.0,0.0,0.0,0.0,0.0,7.152557000000001,7.152557000000001,7.152557000000001,7.152557000000001,0.0,16777216.0,1.0,1.0,120.0,0.0,0.0,0.0,0.0,0.0,0.0,0.0,7.152557000000001,7.152557000000001,7.152557000000001,7.152557000000001,0.0,0.0,0.0,0.0,0.0,0.0,64,0,64
DOS_SYN_Hping,4e-06,1,1,1,0,246723.7647,246723.7647,493447.5294,1.0,20,20,20,20,20,20,0,1,1,0,0,1,0,0,0,120,120,120,120.0,0.0,0,0,0,0.0,0.0,0,120,120,60.0,84.852814,0.0,0.0,0.0,0.0,0.0,0.0,0.0,0.0,0.0,0.0,4.053116,4.053116,4.053116,4.053116,0.0,29606851.76,1.0,1.0,120.0,0.0,0.0,0.0,0.0,0.0,0.0,0.0,4.053116,4.053116,4.053116,4.053116,0.0,0.0,0.0,0.0,0.0,0.0,64,0,64
DOS_SYN_Hping,4e-06,1,1,1,0,246723.7647,246723.7647,493447.5294,1.0,20,20,20,20,20,20,0,1,1,0,0,1,0,0,0,120,120,120,120.0,0.0,0,0,0,0.0,0.0,0,120,120,60.0,84.852814,0.0,0.0,0.0,0.0,0.0,0.0,0.0,0.0,0.0,0.0,4.053116,4.053116,4.053116,4.053116,0.0,29606851.76,1.0,1.0,120.0,0.0,0.0,0.0,0.0,0.0,0.0,0.0,4.053116,4.053116,4.053116,4.053116,0.0,0.0,0.0,0.0,0.0,0.0,64,0,64
DOS_SYN_Hping,5e-06,1,1,1,0,199728.7619,199728.7619,399457.5238,1.0,20,20,20,20,20,20,0,1,1,0,0,1,0,0,0,120,120,120,120.0,0.0,0,0,0,0.0,0.0,0,120,120,60.0,84.852814,0.0,0.0,0.0,0.0,0.0,0.0,0.0,0.0,0.0,0.0,5.0067900000000005,5.0067900000000005,5.0067900000000005,5.0067900000000005,0.0,23967451.43,1.0,1.0,120.0,0.0,0.0,0.0,0.0,0.0,0.0,0.0,5.0067900000000005,5.0067900000000005,5.0067900000000005,5.0067900000000005,0.0,0.0,0.0,0.0,0.0,0.0,64,0,64
DOS_SYN_Hping,4e-06,1,1,1,0,262144.0,262144.0,524288.0,1.0,20,20,20,20,20,20,0,1,1,0,0,1,0,0,0,120,120,120,120.0,0.0,0,0,0,0.0,0.0,0,120,120,60.0,84.852814,0.0,0.0,0.0,0.0,0.0,0.0,0.0,0.0,0.0,0.0,3.814697,3.814697,3.814697,3.814697,0.0,31457280.0,1.0,1.0,120.0,0.0,0.0,0.0,0.0,0.0,0.0,0.0,3.814697,3.814697,3.814697,3.814697,0.0,0.0,0.0,0.0,0.0,0.0,64,0,64
DOS_SYN_Hping,2e-06,1,1,1,0,524288.0,524288.0,1048576.0,1.0,20,20,20,20,20,20,0,1,1,0,0,1,0,0,0,120,120,120,120.0,0.0,0,0,0,0.0,0.0,0,120,120,60.0,84.852814,0.0,0.0,0.0,0.0,0.0,0.0,0.0,0.0,0.0,0.0,1.907349,1.907349,1.907349,1.907349,0.0,62914560.0,1.0,1.0,120.0,0.0,0.0,0.0,0.0,0.0,0.0,0.0,1.907349,1.907349,1.907349,1.907349,0.0,0.0,0.0,0.0,0.0,0.0,64,0,64
DOS_SYN_Hping,4e-06,1,1,1,0,262144.0,262144.0,524288.0,1.0,20,20,20,20,20,20,0,1,1,0,0,1,0,0,0,120,120,120,120.0,0.0,0,0,0,0.0,0.0,0,120,120,60.0,84.852814,0.0,0.0,0.0,0.0,0.0,0.0,0.0,0.0,0.0,0.0,3.814697,3.814697,3.814697,3.814697,0.0,31457280.0,1.0,1.0,120.0,0.0,0.0,0.0,0.0,0.0,0.0,0.0,3.814697,3.814697,3.814697,3.814697,0.0,0.0,0.0,0.0,0.0,0.0,64,0,64
DOS_SYN_Hping,4e-06,1,1,1,0,246723.7647,246723.7647,493447.5294,1.0,20,20,20,20,20,20,0,1,1,0,0,1,0,0,0,120,120,120,120.0,0.0,0,0,0,0.0,0.0,0,120,120,60.0,84.852814,0.0,0.0,0.0,0.0,0.0,0.0,0.0,0.0,0.0,0.0,4.053116,4.053116,4.053116,4.053116,0.0,29606851.76,1.0,1.0,120.0,0.0,0.0,0.0,0.0,0.0,0.0,0.0,4.053116,4.053116,4.053116,4.053116,0.0,0.0,0.0,0.0,0.0,0.0,64,0,64
DOS_SYN_Hping,4e-06,1,1,1,0,262144.0,262144.0,524288.0,1.0,20,20,20,20,20,20,0,1,1,0,0,1,0,0,0,120,120,120,120.0,0.0,0,0,0,0.0,0.0,0,120,120,60.0,84.852814,0.0,0.0,0.0,0.0,0.0,0.0,0.0,0.0,0.0,0.0,3.814697,3.814697,3.814697,3.814697,0.0,31457280.0,1.0,1.0,120.0,0.0,0.0,0.0,0.0,0.0,0.0,0.0,3.814697,3.814697,3.814697,3.814697,0.0,0.0,0.0,0.0,0.0,0.0,64,0,64
DOS_SYN_Hping,0.0,1,0,1,0,0.0,0.0,0.0,0.0,20,20,20,0,0,0,0,1,0,0,0,0,0,0,0,120,120,120,120.0,0.0,0,0,0,0.0,0.0,120,120,120,120.0,0.0,0.0,0.0,0.0,0.0,0.0,0.0,0.0,0.0,0.0,0.0,0.0,0.0,0.0,0.0,0.0,0.0,1.0,0.0,120.0,0.0,0.0,0.0,0.0,0.0,0.0,0.0,0.0,0.0,0.0,0.0,0.0,0.0,0.0,0.0,0.0,0.0,64,0,64
DOS_SYN_Hping,4e-06,1,1,1,0,246723.7647,246723.7647,493447.5294,1.0,20,20,20,20,20,20,0,1,1,0,0,1,0,0,0,120,120,120,120.0,0.0,0,0,0,0.0,0.0,0,120,120,60.0,84.852814,0.0,0.0,0.0,0.0,0.0,0.0,0.0,0.0,0.0,0.0,4.053116,4.053116,4.053116,4.053116,0.0,29606851.76,1.0,1.0,120.0,0.0,0.0,0.0,0.0,0.0,0.0,0.0,4.053116,4.053116,4.053116,4.053116,0.0,0.0,0.0,0.0,0.0,0.0,64,0,64
MQTT_Publish,62.040964,10,6,3,4,0.161184,0.09671,0.257894,0.6,328,32,40,200,32,40,0,2,1,3,4,15,0,0,0,0,33,76,7.6,12.650867,0,21,34,5.666667,7.814516,0,33,110,6.875,10.831282,247.001648,59803075.08,62040963.88816801,6893440.432,19844540.83,78.91655,1462176.085,1979463.816,395892.7631,609672.3351,78.91655,59803075.08,62040963.88816801,4136064.259,15402951.12,1.773022,3.333333,2.0,25.333333,11.333333,0.0,0.0,0.0,0.0,0.0,0.0,2237888.813,2237888.813,2237888.813,2237888.813,0.0,59803075.08,59803075.08,59803075.08,59803075.08,0.0,64240,26847,502
MQTT_Publish,51.115875,10,6,3,4,0.195634,0.11738,0.313014,0.6,328,32,40,200,32,40,0,2,1,3,4,15,0,0,0,0,33,77,7.7,12.789318,0,22,35,5.8333330000000005,8.20772,0,33,112,7.0,11.021192,236.034393,48795841.93,51115875.01,5679541.667301999,16173117.39,391.00647,1515122.89,2052048.922,410409.7843,631464.4710510001,236.034393,48795841.93,51115875.01,3407725.000381001,12560367.49,2.1911,3.333333,2.0,25.666667,11.666667,0.0,0.0,0.0,0.0,0.0,0.0,2320033.073,2320033.073,2320033.073,2320033.073,0.0,48795841.93,48795841.93,48795841.93,48795841.93,0.0,64240,26847,502
MQTT_Publish,48.935499,10,6,3,4,0.204351,0.12261,0.326961,0.6,328,32,40,200,32,40,0,2,1,3,4,15,0,0,0,0,33,78,7.8,12.934021,0,23,36,6.0,8.602325,0,33,114,7.125,11.218289,263.214111,46882915.02,48935498.95,5437277.661,15548121.77,3493.070602,1547964.811,1883882.999,376776.5999,659377.101,263.214111,46882915.02,48935498.95,3262366.596858001,12072343.5,2.329597,3.333333,2.0,26.0,12.0,0.0,0.0,0.0,0.0,0.0,0.0,2052583.933,2052583.933,2052583.933,2052583.933,0.0,46882915.02,46882915.02,46882915.02,46882915.02,0.0,64240,26847,502
MQTT_Publish,31.975483,9,5,3,3,0.281466,0.15637,0.437835,0.555556,296,32,40,168,32,40,0,2,1,3,3,13,0,0,0,0,33,76,8.444444,13.115935999999998,0,23,32,6.4,9.555103,0,33,108,7.714286,11.618477,365.972519,29791954.994202007,31975482.94,3996935.368,10432442.68,3402.94838,1630316.019,1974611.998,493652.9994,761879.8961,365.972519,29791954.994202007,31975482.94,2459652.534,8220926.593300999,3.377588,3.0,1.666667,25.333333,10.666667,0.0,0.0,0.0,0.0,0.0,0.0,2183527.9464720003,2183527.9464720003,2183527.9464720003,2183527.9464720003,0.0,29791954.994202007,29791954.994202007,29791954.994202007,29791954.994202007,0.0,64240,26847,502
MQTT_Publish,9.956164,10,6,3,4,1.0044030000000002,0.602642,1.607045,0.6,328,32,40,200,32,40,0,2,1,3,4,15,0,0,0,0,33,76,7.6,12.650867,0,21,34,5.666667,7.814516,0,33,110,6.875,10.831282,241.041183,7786161.9,9956163.883,1106240.431,2552042.385,180.006027,1698112.0109559996,1995627.88,399125.576,729766.2621,180.006027,7786161.9,9956163.883,663744.2589,2008899.965,11.048432,3.333333,2.0,25.333333,11.333333,0.0,0.0,0.0,0.0,0.0,0.0,2170001.984,2170001.984,2170001.984,2170001.984,0.0,7786161.9,7786161.9,7786161.9,7786161.9,0.0,64240,26847,502
MQTT_Publish,28.379597,9,5,3,3,0.317129,0.176183,0.493312,0.555556,296,32,40,168,32,40,0,2,1,3,3,13,0,0,0,0,33,76,8.444444,13.115935999999998,0,23,32,6.4,9.555103,0,33,108,7.714286,11.618477,327.110291,25664321.899414007,28379596.95,3547449.619,8940529.233,1123.905182,1104031.086,2128746.033,532186.5082,451668.5725,327.110291,25664321.899414007,28379596.95,2183045.919,7060722.939,3.805551,4.5,2.5,38.0,16.0,0.0,0.0,0.0,0.0,0.0,0.0,2715275.049,2715275.049,2715275.049,2715275.049,0.0,25664321.899414007,25664321.899414007,25664321.899414007,25664321.899414007,0.0,64240,26847,502
MQTT_Publish,61.947159,10,6,3,4,0.161428,0.096857,0.258285,0.6,328,32,40,200,32,40,0,2,1,3,4,15,0,0,0,0,33,78,7.8,12.934021,0,23,36,6.0,8.602325,0,33,114,7.125,11.218289,251.054764,59905658.96034201,61947159.05189499,6883017.672,19888462.87,61.03515600000001,1575863.123,1884063.959,376812.7918,674300.0086,61.03515600000001,59905658.96034201,61947159.05189499,4129810.603,15434096.49,1.840278,3.333333,2.0,26.0,12.0,0.0,0.0,0.0,0.0,0.0,0.0,2041500.092,2041500.092,2041500.092,2041500.092,0.0,59905658.96034201,59905658.96034201,59905658.96034201,59905658.96034201,0.0,64240,26847,502
MQTT_Publish,62.104181,10,6,3,4,0.16102,0.096612,0.257632,0.6,328,32,40,200,32,40,0,2,1,3,4,15,0,0,0,0,33,77,7.7,12.789318,0,22,35,5.8333330000000005,8.20772,0,33,112,7.0,11.021192,238.180161,59814476.96685799,62104181.05,6900464.561,19846604.48,305.891037,1526588.917,2036216.9742580005,407243.3949,638360.8861,144.004822,59814476.96685799,62104181.05,4140278.737,15405279.630104998,1.803421,3.333333,2.0,25.666667,11.666667,0.0,0.0,0.0,0.0,0.0,0.0,2289704.084,2289704.084,2289704.084,2289704.084,0.0,59814476.96685799,59814476.96685799,59814476.96685799,59814476.96685799,0.0,64240,26847,502
MQTT_Publish,107.144051,10,6,3,3,0.093332,0.055999,0.149332,0.6,328,32,40,200,32,40,1,2,1,3,3,15,0,0,0,0,33,76,7.6,12.650867,0,23,32,5.3333330000000005,8.936815,0,33,108,6.75,11.132535,307.08313,90170210.12,107144050.8,11904894.54,29731124.87,1457.929611,89996466.88,92055109.98,18411022.0,40021805.62,307.08313,89994586.94,107144050.8,7142936.722,23222709.89,1.007989,2.5,1.5,19.0,8.0,0.0,0.0,0.0,0.0,0.0,0.0,175623.1785,2325408.9355470003,2501032.114,1250516.057,1520128.087,14648431.78,89994586.94,104643018.7,52321509.36,53277777.25,64240,26847,502
MQTT_Publish,21.923606,10,6,3,4,0.456129,0.273678,0.729807,0.6,328,32,40,200,32,40,0,2,1,3,4,15,0,0,0,0,33,78,7.8,12.934021,0,23,36,6.0,8.602325,0,33,114,7.125,11.218289,255.823135,19864269.97,21923605.92,2435956.213,6550926.697,3746.986389,1584262.848,1903944.016,380788.8031,677063.4139,255.823135,19864269.97,21923605.92,1461573.728,5103757.933,5.199875,3.333333,2.0,26.0,12.0,0.0,0.0,0.0,0.0,0.0,0.0,2059335.947,2059335.947,2059335.947,2059335.947,0.0,19864269.97,19864269.97,19864269.97,19864269.97,0.0,64240,26847,502
MQTT_Publish,62.00815600000001,10,6,3,4,0.161269,0.096761,0.258031,0.6,328,32,40,200,32,40,0,2,1,3,4,15,0,0,0,0,33,76,7.6,12.650867,0,21,34,5.666667,7.814516,0,33,110,6.875,10.831282,235.080719,59895184.99374399,62008156.06117199,6889795.118,19882093.96,321.865082,1604032.04,1943903.923,388780.7846,684407.7038,235.080719,59895184.99374399,62008156.06117199,4133877.071,15430184.0,1.7739599999999998,3.333333,2.0,25.333333,11.333333,0.0,0.0,0.0,0.0,0.0,0.0,2112971.067,2112971.067,2112971.067,2112971.067,0.0,59895184.99374399,59895184.99374399,59895184.99374399,59895184.99374399,0.0,64240,26847,502
MQTT_Publish,62.059,10,6,3,4,0.161137,0.096682,0.257819,0.6,328,32,40,200,32,40,0,2,1,3,4,15,0,0,0,0,33,78,7.8,12.934021,0,23,36,6.0,8.602325,0,33,114,7.125,11.218289,238.895416,59813805.1,62059000.02,6895444.446,19847898.94,420.808792,1474312.067,1988392.83,397678.566,615270.6935520001,238.895416,59813805.1,62059000.02,4137266.668,15405655.01,1.836962,3.333333,2.0,26.0,12.0,0.0,0.0,0.0,0.0,0.0,0.0,2245194.912,2245194.912,2245194.912,2245194.912,0.0,59813805.1,59813805.1,59813805.1,59813805.1,0.0,64240,26847,502
MQTT_Publish,51.084625,10,6,3,4,0.195754,0.117452,0.313206,0.6,328,32,40,200,32,40,0,2,1,3,4,15,0,0,0,0,33,76,7.6,12.650867,0,21,34,5.666667,7.814516,0,33,110,6.875,10.831282,239.133835,48784616.95,51084625.01,5676069.445,16170035.01,180.006027,1490561.008,2030568.123,406113.6246,620831.3328,180.006027,48784616.95,51084625.01,3405641.667,12557696.24,2.15329,3.333333,2.0,25.333333,11.333333,0.0,0.0,0.0,0.0,0.0,0.0,2300008.059,2300008.059,2300008.059,2300008.059,0.0,48784616.95,48784616.95,48784616.95,48784616.95,0.0,64240,26847,502
MQTT_Publish,62.050635,10,6,3,4,0.161159,0.096695,0.257854,0.6,328,32,40,200,32,40,0,2,1,3,4,15,0,0,0,0,33,76,7.6,12.650867,0,21,34,5.666667,7.814516,0,33,110,6.875,10.831282,252.008438,59803287.03,62050635.1,6894515.011046002,19844204.3,236.98806800000003,1464022.875,1986189.8422240005,397237.9684,609670.6754,236.98806800000003,59803287.03,62050635.1,4136709.007,15402827.06,1.772746,3.333333,2.0,25.333333,11.333333,0.0,0.0,0.0,0.0,0.0,0.0,2247348.07,2247348.07,2247348.07,2247348.07,0.0,59803287.03,59803287.03,59803287.03,59803287.03,0.0,64240,26847,502
MQTT_Publish,30.903066,10,8,3,4,0.323592,0.258874,0.582466,0.8,328,32,40,264,32,40,0,2,1,3,4,17,0,0,0,0,33,78,7.8,12.934021,0,23,36,4.5,7.782764999999999,0,33,114,6.3333330000000005,10.786702,232.934952,28869004.01,30903065.92,3433673.991,9546372.337,73.90975999999998,1412162.0655059996,1884217.978,269173.9968,509793.3354,73.90975999999998,28869004.01,30903065.92,1817827.407,6977411.948,3.688954,3.333333,2.666667,26.0,12.0,0.0,0.0,0.0,0.0,0.0,0.0,2034061.909,2034061.909,2034061.909,2034061.909,0.0,28869004.01,28869004.01,28869004.01,28869004.01,0.0,64240,26847,502
MQTT_Publish,41.912353,9,5,3,3,0.214734,0.119297,0.33403,0.555556,296,32,40,168,32,40,0,2,1,3,3,13,0,0,0,0,33,78,8.666667,13.407088,0,27,36,7.2,11.300442,0,33,114,8.142857000000001,12.265381,250.101089,39893600.23,41912353.04,5239044.1298480015,14010207.33,3962.993622,1562829.971,1868012.905,467003.2263,733815.4720180002,250.101089,39893600.23,41912353.04,3224027.157,11024417.3,2.719962,3.0,1.666667,26.0,12.0,0.0,0.0,0.0,0.0,0.0,0.0,2018752.813,2018752.813,2018752.813,2018752.813,0.0,39893600.23,39893600.23,39893600.23,39893600.23,0.0,64240,26847,502
MQTT_Publish,12.886851,10,6,3,4,0.775985,0.465591,1.241576,0.6,328,32,40,200,32,40,0,2,1,3,4,15,0,0,0,0,33,78,7.8,12.934021,0,23,36,6.0,8.602325,0,33,114,7.125,11.218289,241.994858,10859805.82,12886850.83,1431872.315,3564082.646,66.995621,1587809.086,1879920.959,375984.1919,681149.4001,66.995621,10859805.82,12886850.83,859123.3889,2790291.371,8.846226,3.333333,2.0,26.0,12.0,0.0,0.0,0.0,0.0,0.0,0.0,2027045.012,2027045.012,2027045.012,2027045.012,0.0,10859805.82,10859805.82,10859805.82,10859805.82,0.0,64240,26847,502
MQTT_Publish,56.005809,10,6,3,4,0.178553,0.107132,0.285685,0.6,328,32,40,200,32,40,0,2,1,3,4,15,0,0,0,0,33,78,7.8,12.934021,0,23,36,6.0,8.602325,0,33,114,7.125,11.218289,238.895416,53898317.1,56005809.07,6222867.674298001,17884303.99,77.009201,1631412.029,1948246.002,389649.2004,698658.1079449999,77.009201,53898317.1,56005809.07,3733720.605,13882648.15,2.035503,3.333333,2.0,26.0,12.0,0.0,0.0,0.0,0.0,0.0,0.0,2107491.97,2107491.97,2107491.97,2107491.97,0.0,53898317.1,53898317.1,53898317.1,53898317.1,0.0,64240,26847,502
MQTT_Publish,31.066016,10,6,3,4,0.321895,0.193137,0.5150319999999999,0.6,328,32,40,200,32,40,0,2,1,3,4,15,0,0,0,0,33,76,7.6,12.650867,0,21,34,5.666667,7.814516,0,33,110,6.875,10.831282,238.895416,28777401.924133006,31066015.96,3451779.5509760007,9505022.239,200.986862,1519428.968,2031958.103,406391.6206,635068.3541,200.986862,28777401.924133006,31066015.96,2071067.731,7395234.236,3.5408470000000003,3.333333,2.0,25.333333,11.333333,0.0,0.0,0.0,0.0,0.0,0.0,2288614.035,2288614.035,2288614.035,2288614.035,0.0,28777401.924133006,28777401.924133006,28777401.924133006,28777401.924133006,0.0,64240,26847,502
MQTT_Publish,32.136211,9,5,3,3,0.280058,0.155588,0.435646,0.555556,296,32,40,168,32,40,0,2,1,3,3,13,0,0,0,0,33,76,8.444444,13.115935999999998,0,23,32,6.4,9.555103,0,33,108,7.714286,11.618477,257.96890299999995,29838289.022446007,32136210.92,4017026.365,10440737.59,2931.833267,1509716.988,2035243.034,508810.7586,678296.4936,257.96890299999995,29838289.022446007,32136210.92,2472016.224,8229570.060246001,3.360695,3.0,1.666667,25.333333,10.666667,0.0,0.0,0.0,0.0,0.0,0.0,2297921.8959810003,2297921.8959810003,2297921.8959810003,2297921.8959810003,0.0,29838289.022446007,29838289.022446007,29838289.022446007,29838289.022446007,0.0,64240,26847,502
MQTT_Publish,9.029321,10,6,3,4,1.107503,0.664502,1.7720049999999998,0.6,328,32,40,200,32,40,0,2,1,3,4,15,0,0,0,0,33,76,7.6,12.650867,0,21,34,5.666667,7.814516,0,33,110,6.875,10.831282,236.034393,6743213.8919830015,9029320.955,1003257.884,2184369.897,76.055527,1481956.959,2018496.99,403699.398,617231.4621,76.055527,6743213.8919830015,9029320.955,601954.7303520001,1727742.4583830002,12.182533,3.333333,2.0,25.333333,11.333333,0.0,0.0,0.0,0.0,0.0,0.0,2286107.063,2286107.063,2286107.063,2286107.063,0.0,6743213.8919830015,6743213.8919830015,6743213.8919830015,6743213.8919830015,0.0,64240,26847,502
MQTT_Publish,31.026138,9,5,3,3,0.290078,0.161154,0.451232,0.555556,296,32,40,168,32,40,0,2,1,3,3,13,0,0,0,0,33,76,8.444444,13.115935999999998,0,23,32,6.4,9.555103,0,33,108,7.714286,11.618477,255.10788,28765188.93,31026138.067245007,3878267.258,10062607.16,2043.962479,1450997.114,1991477.966,497869.49157700007,647780.3852,255.10788,28765188.93,31026138.067245007,2386626.005,7932362.8747080015,3.4809360000000003,3.0,1.666667,25.333333,10.666667,0.0,0.0,0.0,0.0,0.0,0.0,2260949.135,2260949.135,2260949.135,2260949.135,0.0,28765188.93,28765188.93,28765188.93,28765188.93,0.0,64240,26847,502
MQTT_Publish,51.074282,10,6,3,4,0.195793,0.117476,0.313269,0.6,328,32,40,200,32,40,0,2,1,3,4,15,0,0,0,0,33,76,7.6,12.650867,0,21,34,5.666667,7.814516,0,33,110,6.875,10.831282,236.98806800000003,48789804.94,51074281.93,5674920.215,16172463.37,190.973282,1491922.14,2021072.149,404214.4299,621888.9043180001,190.973282,48789804.94,51074281.93,3404952.129,12559346.05,2.153726,3.333333,2.0,25.333333,11.333333,0.0,0.0,0.0,0.0,0.0,0.0,2284476.995,2284476.995,2284476.995,2284476.995,0.0,48789804.94,48789804.94,48789804.94,48789804.94,0.0,64240,26847,502
MQTT_Publish,20.031284,10,6,3,4,0.499219,0.299531,0.798751,0.6,328,32,40,200,32,40,0,2,1,3,4,15,0,0,0,0,33,78,7.8,12.934021,0,23,36,6.0,8.602325,0,33,114,7.125,11.218289,234.127045,17766513.82,20031283.86,2225698.206,5840185.528,365.018845,1495805.979,2008625.031,401725.0061,624474.9898979999,234.127045,17766513.82,20031283.86,1335418.924,4556720.908,5.691098,3.333333,2.0,26.0,12.0,0.0,0.0,0.0,0.0,0.0,0.0,2264770.031,2264770.031,2264770.031,2264770.031,0.0,17766513.82,17766513.82,17766513.82,17766513.82,0.0,64240,26847,502
MQTT_Publish,25.935548,10,7,3,4,0.385571,0.2699,0.655471,0.7,328,32,40,232,32,40,0,2,1,3,4,16,0,0,0,0,33,78,7.8,12.934021,0,23,36,5.142857,8.173708999999999,0,33,114,6.705882000000001,10.998663,247.001648,23804028.03,25935547.83,2881727.537,7858314.338,51.021576,1615592.003,1967943.907,327990.6511,635473.1349,51.021576,23804028.03,25935547.83,1620971.739,5925711.672,4.395512,3.333333,2.333333,26.0,12.0,0.0,0.0,0.0,0.0,0.0,0.0,2131519.794,2131519.794,2131519.794,2131519.794,0.0,23804028.03,23804028.03,23804028.03,23804028.03,0.0,64240,26847,502
MQTT_Publish,62.045653,9,5,3,3,0.145054,0.080586,0.22564,0.555556,296,32,40,168,32,40,0,2,1,3,3,13,0,0,0,0,33,78,8.666667,13.407088,0,27,36,7.2,11.300442,0,33,114,8.142857000000001,12.265381,540.9717559999998,59819581.03,62045653.10478199,7755706.638,21040475.5,2059.936523,1471172.094,1974916.22,493729.0549,662098.216,261.7836,59819581.03,62045653.10478199,4772742.547,16542842.33,1.837357,3.0,1.666667,26.0,12.0,0.0,0.0,0.0,0.0,0.0,0.0,2226072.073,2226072.073,2226072.073,2226072.073,0.0,59819581.03,59819581.03,59819581.03,59819581.03,0.0,64240,26847,502
MQTT_Publish,10.917784,9,5,3,3,0.824343,0.457968,1.282312,0.555556,296,32,40,168,32,40,0,2,1,3,3,13,0,0,0,0,33,76,8.444444,13.115935999999998,0,23,32,6.4,9.555103,0,33,108,7.714286,11.618477,236.98806800000003,8843787.908553999,10917783.98,1364722.997,3056213.184,4188.06076,1571290.97,1908981.8,477245.45,733392.9746,236.98806800000003,8843787.908553999,10917783.98,839829.5366,2434290.399,9.892117,3.0,1.666667,25.333333,10.666667,0.0,0.0,0.0,0.0,0.0,0.0,2073996.067,2073996.067,2073996.067,2073996.067,0.0,8843787.908553999,8843787.908553999,8843787.908553999,8843787.908553999,0.0,64240,26847,502
MQTT_Publish,7.024392999999999,10,6,3,4,1.423611,0.854166,2.277777,0.6,328,32,40,200,32,40,0,2,1,3,4,15,0,0,0,0,33,78,7.8,12.934021,0,23,36,6.0,8.602325,0,33,114,7.125,11.218289,238.180161,4733521.938,7024393.081664999,780488.1202,1528078.725,155.925751,1484848.976,2022431.85,404486.3701,618437.1632,155.925751,4733521.938,7024393.081664999,468292.8721,1220903.074,16.22916,3.333333,2.0,26.0,12.0,0.0,0.0,0.0,0.0,0.0,0.0,7024393.081664999,7024393.081664999,7024393.081664999,7024393.081664999,0.0,0.0,0.0,0.0,0.0,0.0,64240,26847,502
MQTT_Publish,61.95859,10,6,3,4,0.161398,0.096839,0.258237,0.6,328,32,40,200,32,40,0,2,1,3,4,15,0,0,0,0,33,77,7.7,12.789318,0,22,35,5.8333330000000005,8.20772,0,33,112,7.0,11.021192,279.188156,59905536.89,61958590.03,6884287.781,19888067.71,95.129013,1583475.828,1895037.174,379007.4348,677579.3452,95.129013,59905536.89,61958590.03,4130572.669,15433951.11,1.807659,3.333333,2.0,25.666667,11.666667,0.0,0.0,0.0,0.0,0.0,0.0,2053053.141,2053053.141,2053053.141,2053053.141,0.0,59905536.89,59905536.89,59905536.89,59905536.89,0.0,64240,26847,502
MQTT_Publish,62.105366,9,5,3,3,0.144915,0.080508,0.225423,0.555556,296,32,40,168,32,40,0,2,1,3,3,13,0,0,0,0,33,78,8.666667,13.407088,0,27,36,7.2,11.300442,0,33,114,8.142857000000001,12.265381,367.879868,59810827.01683001,62105365.99159201,7763170.748949002,21034367.13,2746.82045,1540997.028,2044255.018,511063.7546,696465.0124189999,367.879868,59810827.01683001,62105365.99159201,4777335.846,16539208.63,1.83559,3.0,1.666667,26.0,12.0,0.0,0.0,0.0,0.0,0.0,0.0,2294538.975,2294538.975,2294538.975,2294538.975,0.0,59810827.01683001,59810827.01683001,59810827.01683001,59810827.01683001,0.0,64240,26847,502
MQTT_Publish,37.089474,10,6,3,4,0.269618,0.161771,0.431389,0.6,328,32,40,200,32,40,0,2,1,3,4,15,0,0,0,0,33,78,7.8,12.934021,0,23,36,6.0,8.602325,0,33,114,7.125,11.218289,234.8423,34757662.057877004,37089473.96,4121052.663,11494739.34,201.940536,1493960.142,2052596.0922240005,410519.2184,621261.0333,201.940536,34757662.057877004,37089473.96,2472631.598,8936950.736,3.073648,3.333333,2.0,26.0,12.0,0.0,0.0,0.0,0.0,0.0,0.0,2331811.905,2331811.905,2331811.905,2331811.905,0.0,34757662.057877004,34757662.057877004,34757662.057877004,34757662.057877004,0.0,64240,26847,502
MQTT_Publish,22.038815,9,5,3,3,0.40837,0.226872,0.635243,0.555556,296,32,40,168,32,40,0,2,1,3,3,13,0,0,0,0,33,76,8.444444,13.115935999999998,0,23,32,6.4,9.555103,0,33,108,7.714286,11.618477,257.015228,19757075.07,22038815.02,2754851.878,6880529.406,713.10997,1481902.122,2017153.025,504288.2561680001,663745.4068,257.015228,19757075.07,22038815.02,1695293.463,5437056.126,4.900445,3.0,1.666667,25.333333,10.666667,0.0,0.0,0.0,0.0,0.0,0.0,2281739.95,2281739.95,2281739.95,2281739.95,0.0,19757075.07,19757075.07,19757075.07,19757075.07,0.0,64240,26847,502
MQTT_Publish,62.05047800000001,10,6,3,4,0.161159,0.096695,0.257855,0.6,328,32,40,200,32,40,0,2,1,3,4,15,0,0,0,0,33,76,7.6,12.650867,0,21,34,5.666667,7.814516,0,33,110,6.875,10.831282,257.96890299999995,59810413.12217701,62050477.98,6894497.553507001,19847008.6,77.009201,1476833.82,1986824.989,397364.9979,616533.313,77.009201,59810413.12217701,62050477.98,4136698.532,15404889.99,1.77275,3.333333,2.0,25.333333,11.333333,0.0,0.0,0.0,0.0,0.0,0.0,2240064.8593900003,2240064.8593900003,2240064.8593900003,2240064.8593900003,0.0,59810413.12217701,59810413.12217701,59810413.12217701,59810413.12217701,0.0,64240,26847,502
MQTT_Publish,62.105265,10,6,3,4,0.161017,0.09661,0.257627,0.6,328,32,40,200,32,40,0,2,1,3,4,15,0,0,0,0,33,76,7.6,12.650867,0,21,34,5.666667,7.814516,0,33,110,6.875,10.831282,243.902206,59790156.84,62105264.9,6900584.989124001,19837034.29,69.85664399999999,1481220.961,2045353.889,409070.7779,615648.1864939999,69.85664399999999,59790156.84,62105264.9,4140350.993,15398245.111017002,1.771186,3.333333,2.0,25.333333,11.333333,0.0,0.0,0.0,0.0,0.0,0.0,2315108.061,2315108.061,2315108.061,2315108.061,0.0,59790156.84,59790156.84,59790156.84,59790156.84,0.0,64240,26847,502
MQTT_Publish,40.925426,9,5,3,3,0.219912,0.122173,0.342086,0.555556,296,32,40,168,32,40,0,2,1,3,3,13,0,0,0,0,33,76,8.444444,13.115935999999998,0,23,32,6.4,9.555103,0,33,108,7.714286,11.618477,252.962112,38872582.91,40925426.01,5115678.251,13648044.39,4931.211472,1592029.095,1907135.01,476783.7524,746859.8119,252.962112,38872582.91,40925426.01,3148109.693,10740907.47,2.638946,3.0,1.666667,25.333333,10.666667,0.0,0.0,0.0,0.0,0.0,0.0,2052843.094,2052843.094,2052843.094,2052843.094,0.0,38872582.91,38872582.91,38872582.91,38872582.91,0.0,64240,26847,502
MQTT_Publish,338.077133,10,6,3,3,0.029579,0.017747,0.047326,0.6,328,32,40,200,32,40,1,2,1,3,3,15,0,0,0,0,33,75,7.5,12.518875,0,22,31,5.166667,8.542053,0,33,106,6.625,10.941511,261.068344,245738943.8,338077132.9,37564125.88,83542264.52,3874.063492,89996253.01,91940495.97,18388099.19,40035655.35513301,261.068344,245738943.8,338077132.9,22538475.53,65937852.30020601,0.313538,2.5,1.5,18.75,7.75,0.0,0.0,0.0,0.0,0.0,0.0,250575.0656,2093246.937,2343822.002,1171911.001,1302965.776,89994367.12,245738943.8,335733310.9,167866655.5,110128046.3,64240,26847,502
MQTT_Publish,32.14768,9,5,3,3,0.279958,0.155532,0.43549,0.555556,296,32,40,168,32,40,0,2,1,3,3,13,0,0,0,0,33,76,8.444444,13.115935999999998,0,23,32,6.4,9.555103,0,33,108,7.714286,11.618477,307.08313,29834275.01,32147680.04,4018460.006,10438019.8,4592.895508,1492471.933,2040832.996,510208.2491,666855.0352,307.08313,29834275.01,32147680.04,2472898.465,8227736.85,3.359496,3.0,1.666667,25.333333,10.666667,0.0,0.0,0.0,0.0,0.0,0.0,2313405.037,2313405.037,2313405.037,2313405.037,0.0,29834275.01,29834275.01,29834275.01,29834275.01,0.0,64240,26847,502
MQTT_Publish,62.012923,10,6,3,4,0.1612569999999999,0.096754,0.258011,0.6,328,32,40,200,32,40,0,2,1,3,4,15,0,0,0,0,33,78,7.8,12.934021,0,23,36,6.0,8.602325,0,33,114,7.125,11.218289,235.080719,59899505.14,62012923.00224301,6890324.778027001,19883707.84,88.93013,1624427.08,1948606.014,389721.2029,694939.3829979999,88.93013,59899505.14,62012923.00224301,4134194.866816001,15431433.4,1.838327,3.333333,2.0,26.0,12.0,0.0,0.0,0.0,0.0,0.0,0.0,2113417.864,2113417.864,2113417.864,2113417.864,0.0,59899505.14,59899505.14,59899505.14,59899505.14,0.0,64240,26847,502
MQTT_Publish,29.087545,9,5,3,3,0.309411,0.171895,0.4813060000000001,0.555556,296,32,40,168,32,40,0,2,1,3,3,13,0,0,0,0,33,75,8.333333,12.980755,0,22,31,6.2,9.121403,0,33,106,7.571428999999998,11.420052,252.962112,26764292.0,29087544.92,3635943.115,9352950.503,10600.80528,1484783.888,2053656.8164830003,513414.2041,659864.2563,252.962112,26764292.0,29087544.92,2237503.455,7376861.458,3.644171,3.0,1.666667,25.0,10.333333,0.0,0.0,0.0,0.0,0.0,0.0,2323252.916,2323252.916,2323252.916,2323252.916,0.0,26764292.0,26764292.0,26764292.0,26764292.0,0.0,64240,26847,502
MQTT_Publish,61.966036,10,6,3,4,0.161379,0.096827,0.258206,0.6,328,32,40,200,32,40,0,2,1,3,4,15,0,0,0,0,33,78,7.8,12.934021,0,23,36,6.0,8.602325,0,33,114,7.125,11.218289,242.948532,59914962.05,61966036.08131401,6885115.120146002,19891483.85,3948.926926,1604016.0655979996,1903975.01,380795.002,687482.9183,242.948532,59914962.05,61966036.08131401,4131069.072,15436560.8,1.839717,3.333333,2.0,26.0,12.0,0.0,0.0,0.0,0.0,0.0,0.0,2051074.028,2051074.028,2051074.028,2051074.028,0.0,59914962.05,59914962.05,59914962.05,59914962.05,0.0,64240,26847,502
Metasploit_Brute_Force_SSH,2.068269,14,13,6,5,6.768945,6.285449,13.054395,0.928571,456,32,40,424,32,40,2,2,0,6,5,26,0,0,0,0,800,1249,89.214286,211.470376,0,1080,1633,125.615385,300.04098,0,1080,2882,106.740741,253.482148,730.991364,1922978.163,2069880.962,159221.6125,530178.7232,169.038773,1876368.999481,2068234.205246,172352.8504,537060.5975,25.987625,1876368.999481,2069880.962,79610.80625,366708.2047,1393.435757,7.0,6.5,624.5,816.5,0.0,0.0,0.0,0.0,0.0,0.0,2069880.962,2069880.962,2069880.962,2069880.962,0.0,0.0,0.0,0.0,0.0,0.0,64240,65160,501
Metasploit_Brute_Force_SSH,1.559294,14,13,6,5,8.978422,8.337106,17.315529,0.928571,456,32,40,424,32,40,2,2,0,6,5,26,0,0,0,0,800,1249,89.214286,211.470376,0,1080,1633,125.615385,300.04098,0,1080,2882,106.740741,253.482148,571.0124969999999,1432018.995,1565175.056,120398.081266,394373.8255,128.984451,1387444.973,1559260.845,129938.403765,396469.1404,22.172928,1387444.973,1565175.056,60199.040633,271008.3072,1848.272377,7.0,6.5,624.5,816.5,0.0,0.0,0.0,0.0,0.0,0.0,1565175.056,1565175.056,1565175.056,1565175.056,0.0,0.0,0.0,0.0,0.0,0.0,64240,65160,501
Metasploit_Brute_Force_SSH,1.863692,14,13,6,5,7.511971000000001,6.975401,14.487372,0.928571,456,32,40,424,32,40,2,2,0,6,5,26,0,0,0,0,800,1249,89.214286,211.470376,0,1080,1633,125.615385,300.04098,0,1080,2882,106.740741,253.482148,61.988831000000005,1707731.009,1865258.932,143481.4563,470237.84603500005,132.083893,1662271.023,1863646.030426,155303.8359,475124.8703,5.960464,1662271.023,1865258.932,71740.72816,324664.9637,1546.392821,7.0,6.5,624.5,816.5,0.0,0.0,0.0,0.0,0.0,0.0,1865258.932,1865258.932,1865258.932,1865258.932,0.0,0.0,0.0,0.0,0.0,0.0,64240,65160,501
Metasploit_Brute_Force_SSH,2.064157,14,13,6,5,6.782431,6.297971,13.080402,0.928571,456,32,40,424,32,40,2,2,0,6,5,26,0,0,0,0,800,1249,89.214286,211.470376,0,1080,1633,125.615385,300.04098,0,1080,2882,106.740741,253.482148,1086.950302,1902603.865,2072264.909744,159404.993057,524074.3671,132.083893,1855406.046,2064109.802,172009.1502,530487.3572,28.133392,1855406.046,2072264.909744,79702.49653,362431.0962,1396.21178,7.0,6.5,624.5,816.5,0.0,0.0,0.0,0.0,0.0,0.0,2072264.909744,2072264.909744,2072264.909744,2072264.909744,0.0,0.0,0.0,0.0,0.0,0.0,64240,65160,501
Metasploit_Brute_Force_SSH,2.098461,15,13,6,5,7.148096000000001,6.195017,13.343112,0.866667,488,32,40,424,32,40,2,2,0,6,5,27,0,0,0,0,800,1249,83.266667,205.075758,0,1080,1633,125.615385,300.04098,0,1080,2882,102.928571,249.560344,1457.929611,1921981.096,2100140.81,150010.0579,510459.447084,133.037567,1879158.974,2098437.071,174869.7559,537164.5343,12.874603,1879158.974,2100140.81,77782.99296,360279.9164,1373.387506,7.5,6.5,624.5,816.5,0.0,0.0,0.0,0.0,0.0,0.0,2100140.81,2100140.81,2100140.81,2100140.81,0.0,0.0,0.0,0.0,0.0,0.0,64240,65160,501
NMAP_FIN_SCAN,0.0,1,0,0,0,0.0,0.0,0.0,0.0,20,20,20,0,0,0,1,0,0,0,0,0,0,0,0,0,0,0,0.0,0.0,0,0,0,0.0,0.0,0,0,0,0.0,0.0,0.0,0.0,0.0,0.0,0.0,0.0,0.0,0.0,0.0,0.0,0.0,0.0,0.0,0.0,0.0,0.0,1.0,0.0,0.0,0.0,0.0,0.0,0.0,0.0,0.0,0.0,0.0,0.0,0.0,0.0,0.0,0.0,0.0,0.0,0.0,0.0,1024,0,1024
NMAP_OS_DETECTION,6e-06,1,1,0,0,167772.16,167772.16,335544.32,1.0,20,20,20,20,20,20,0,0,1,0,0,1,0,0,0,0,0,0,0.0,0.0,0,0,0,0.0,0.0,0,0,0,0.0,0.0,0.0,0.0,0.0,0.0,0.0,0.0,0.0,0.0,0.0,0.0,5.960464,5.960464,5.960464,5.960464,0.0,0.0,1.0,1.0,0.0,0.0,0.0,0.0,0.0,0.0,0.0,0.0,5.960464,5.960464,5.960464,5.960464,0.0,0.0,0.0,0.0,0.0,0.0,1024,0,1024
NMAP_OS_DETECTION,6e-06,1,1,0,0,161319.38461500002,161319.38461500002,322638.7692,1.0,20,20,20,20,20,20,0,0,1,0,0,1,0,0,0,0,0,0,0.0,0.0,0,0,0,0.0,0.0,0,0,0,0.0,0.0,0.0,0.0,0.0,0.0,0.0,0.0,0.0,0.0,0.0,0.0,6.198883,6.198883,6.198883,6.198883,0.0,0.0,1.0,1.0,0.0,0.0,0.0,0.0,0.0,0.0,0.0,0.0,6.198883,6.198883,6.198883,6.198883,0.0,0.0,0.0,0.0,0.0,0.0,1024,0,1024
NMAP_OS_DETECTION,5e-06,1,1,0,0,199728.7619,199728.7619,399457.5238,1.0,20,20,20,20,20,20,0,0,1,0,0,1,0,0,0,0,0,0,0.0,0.0,0,0,0,0.0,0.0,0,0,0,0.0,0.0,0.0,0.0,0.0,0.0,0.0,0.0,0.0,0.0,0.0,0.0,5.0067900000000005,5.0067900000000005,5.0067900000000005,5.0067900000000005,0.0,0.0,1.0,1.0,0.0,0.0,0.0,0.0,0.0,0.0,0.0,0.0,5.0067900000000005,5.0067900000000005,5.0067900000000005,5.0067900000000005,0.0,0.0,0.0,0.0,0.0,0.0,1024,0,1024
NMAP_OS_DETECTION,2e-06,1,1,0,0,466033.7778,466033.7778,932067.5556,1.0,20,20,20,20,20,20,0,0,1,0,0,1,0,0,0,0,0,0,0.0,0.0,0,0,0,0.0,0.0,0,0,0,0.0,0.0,0.0,0.0,0.0,0.0,0.0,0.0,0.0,0.0,0.0,0.0,2.145767,2.145767,2.145767,2.145767,0.0,0.0,1.0,1.0,0.0,0.0,0.0,0.0,0.0,0.0,0.0,0.0,2.145767,2.145767,2.145767,2.145767,0.0,0.0,0.0,0.0,0.0,0.0,1024,0,1024
NMAP_OS_DETECTION,6e-06,1,1,0,0,167772.16,167772.16,335544.32,1.0,20,20,20,20,20,20,0,0,1,0,0,1,0,0,0,0,0,0,0.0,0.0,0,0,0,0.0,0.0,0,0,0,0.0,0.0,0.0,0.0,0.0,0.0,0.0,0.0,0.0,0.0,0.0,0.0,5.960464,5.960464,5.960464,5.960464,0.0,0.0,1.0,1.0,0.0,0.0,0.0,0.0,0.0,0.0,0.0,0.0,5.960464,5.960464,5.960464,5.960464,0.0,0.0,0.0,0.0,0.0,0.0,1024,0,1024
NMAP_OS_DETECTION,5e-06,1,1,0,0,199728.7619,199728.7619,399457.5238,1.0,20,20,20,20,20,20,0,0,1,0,0,1,0,0,0,0,0,0,0.0,0.0,0,0,0,0.0,0.0,0,0,0,0.0,0.0,0.0,0.0,0.0,0.0,0.0,0.0,0.0,0.0,0.0,0.0,5.0067900000000005,5.0067900000000005,5.0067900000000005,5.0067900000000005,0.0,0.0,1.0,1.0,0.0,0.0,0.0,0.0,0.0,0.0,0.0,0.0,5.0067900000000005,5.0067900000000005,5.0067900000000005,5.0067900000000005,0.0,0.0,0.0,0.0,0.0,0.0,1024,0,1024
NMAP_OS_DETECTION,5e-06,1,1,0,0,199728.7619,199728.7619,399457.5238,1.0,20,20,20,20,20,20,0,0,1,0,0,1,0,0,0,0,0,0,0.0,0.0,0,0,0,0.0,0.0,0,0,0,0.0,0.0,0.0,0.0,0.0,0.0,0.0,0.0,0.0,0.0,0.0,0.0,5.0067900000000005,5.0067900000000005,5.0067900000000005,5.0067900000000005,0.0,0.0,1.0,1.0,0.0,0.0,0.0,0.0,0.0,0.0,0.0,0.0,5.0067900000000005,5.0067900000000005,5.0067900000000005,5.0067900000000005,0.0,0.0,0.0,0.0,0.0,0.0,1024,0,1024
NMAP_OS_DETECTION,1e-06,1,1,0,0,838860.8,838860.8,1677721.6,1.0,20,20,20,20,20,20,0,0,1,0,0,1,0,0,0,0,0,0,0.0,0.0,0,0,0,0.0,0.0,0,0,0,0.0,0.0,0.0,0.0,0.0,0.0,0.0,0.0,0.0,0.0,0.0,0.0,1.192093,1.192093,1.192093,1.192093,0.0,0.0,1.0,1.0,0.0,0.0,0.0,0.0,0.0,0.0,0.0,0.0,1.192093,1.192093,1.192093,1.192093,0.0,0.0,0.0,0.0,0.0,0.0,1024,0,1024
NMAP_OS_DETECTION,7.000000000000001e-06,1,1,0,0,144631.1724,144631.1724,289262.3448,1.0,20,20,20,20,20,20,0,0,1,0,0,1,0,0,0,0,0,0,0.0,0.0,0,0,0,0.0,0.0,0,0,0,0.0,0.0,0.0,0.0,0.0,0.0,0.0,0.0,0.0,0.0,0.0,0.0,6.914139,6.914139,6.914139,6.914139,0.0,0.0,1.0,1.0,0.0,0.0,0.0,0.0,0.0,0.0,0.0,0.0,6.914139,6.914139,6.914139,6.914139,0.0,0.0,0.0,0.0,0.0,0.0,1024,0,1024
NMAP_OS_DETECTION,7.000000000000001e-06,1,1,0,0,139810.1333,139810.1333,279620.2667,1.0,20,20,20,20,20,20,0,0,1,0,0,1,0,0,0,0,0,0,0.0,0.0,0,0,0,0.0,0.0,0,0,0,0.0,0.0,0.0,0.0,0.0,0.0,0.0,0.0,0.0,0.0,0.0,0.0,7.152557000000001,7.152557000000001,7.152557000000001,7.152557000000001,0.0,0.0,1.0,1.0,0.0,0.0,0.0,0.0,0.0,0.0,0.0,0.0,7.152557000000001,7.152557000000001,7.152557000000001,7.152557000000001,0.0,0.0,0.0,0.0,0.0,0.0,1024,0,1024
NMAP_OS_DETECTION,2e-06,1,1,0,0,524288.0,524288.0,1048576.0,1.0,20,20,20,20,20,20,0,0,1,0,0,1,0,0,0,0,0,0,0.0,0.0,0,0,0,0.0,0.0,0,0,0,0.0,0.0,0.0,0.0,0.0,0.0,0.0,0.0,0.0,0.0,0.0,0.0,1.907349,1.907349,1.907349,1.907349,0.0,0.0,1.0,1.0,0.0,0.0,0.0,0.0,0.0,0.0,0.0,0.0,1.907349,1.907349,1.907349,1.907349,0.0,0.0,0.0,0.0,0.0,0.0,1024,0,1024
NMAP_OS_DETECTION,1.2e-05,1,1,0,0,83886.08,83886.08,167772.16,1.0,20,20,20,20,20,20,0,0,1,0,0,1,0,0,0,0,0,0,0.0,0.0,0,0,0,0.0,0.0,0,0,0,0.0,0.0,0.0,0.0,0.0,0.0,0.0,0.0,0.0,0.0,0.0,0.0,11.920929,11.920929,11.920929,11.920929,0.0,0.0,1.0,1.0,0.0,0.0,0.0,0.0,0.0,0.0,0.0,0.0,11.920929,11.920929,11.920929,11.920929,0.0,0.0,0.0,0.0,0.0,0.0,1024,0,1024
NMAP_OS_DETECTION,7.000000000000001e-06,1,1,0,0,144631.1724,144631.1724,289262.3448,1.0,20,20,20,20,20,20,0,0,1,0,0,1,0,0,0,0,0,0,0.0,0.0,0,0,0,0.0,0.0,0,0,0,0.0,0.0,0.0,0.0,0.0,0.0,0.0,0.0,0.0,0.0,0.0,0.0,6.914139,6.914139,6.914139,6.914139,0.0,0.0,1.0,1.0,0.0,0.0,0.0,0.0,0.0,0.0,0.0,0.0,6.914139,6.914139,6.914139,6.914139,0.0,0.0,0.0,0.0,0.0,0.0,1024,0,1024
NMAP_OS_DETECTION,6e-06,1,1,0,0,167772.16,167772.16,335544.32,1.0,20,20,20,20,20,20,0,0,1,0,0,1,0,0,0,0,0,0,0.0,0.0,0,0,0,0.0,0.0,0,0,0,0.0,0.0,0.0,0.0,0.0,0.0,0.0,0.0,0.0,0.0,0.0,0.0,5.960464,5.960464,5.960464,5.960464,0.0,0.0,1.0,1.0,0.0,0.0,0.0,0.0,0.0,0.0,0.0,0.0,5.960464,5.960464,5.960464,5.960464,0.0,0.0,0.0,0.0,0.0,0.0,1024,0,1024
NMAP_OS_DETECTION,2e-05,1,1,0,0,50533.78313,50533.78313,101067.5663,1.0,20,20,20,20,20,20,0,0,1,0,0,1,0,0,0,0,0,0,0.0,0.0,0,0,0,0.0,0.0,0,0,0,0.0,0.0,0.0,0.0,0.0,0.0,0.0,0.0,0.0,0.0,0.0,0.0,19.788742000000003,19.788742000000003,19.788742000000003,19.788742000000003,0.0,0.0,1.0,1.0,0.0,0.0,0.0,0.0,0.0,0.0,0.0,0.0,19.788742000000003,19.788742000000003,19.788742000000003,19.788742000000003,0.0,0.0,0.0,0.0,0.0,0.0,1024,0,1024
NMAP_OS_DETECTION,7.000000000000001e-06,1,1,0,0,144631.1724,144631.1724,289262.3448,1.0,20,20,20,20,20,20,0,0,1,0,0,1,0,0,0,0,0,0,0.0,0.0,0,0,0,0.0,0.0,0,0,0,0.0,0.0,0.0,0.0,0.0,0.0,0.0,0.0,0.0,0.0,0.0,0.0,6.914139,6.914139,6.914139,6.914139,0.0,0.0,1.0,1.0,0.0,0.0,0.0,0.0,0.0,0.0,0.0,0.0,6.914139,6.914139,6.914139,6.914139,0.0,0.0,0.0,0.0,0.0,0.0,1024,0,1024
NMAP_OS_DETECTION,6e-06,1,1,0,0,161319.38461500002,161319.38461500002,322638.7692,1.0,20,20,20,20,20,20,0,0,1,0,0,1,0,0,0,0,0,0,0.0,0.0,0,0,0,0.0,0.0,0,0,0,0.0,0.0,0.0,0.0,0.0,0.0,0.0,0.0,0.0,0.0,0.0,0.0,6.198883,6.198883,6.198883,6.198883,0.0,0.0,1.0,1.0,0.0,0.0,0.0,0.0,0.0,0.0,0.0,0.0,6.198883,6.198883,6.198883,6.198883,0.0,0.0,0.0,0.0,0.0,0.0,1024,0,1024
NMAP_OS_DETECTION,6e-06,1,1,0,0,167772.16,167772.16,335544.32,1.0,20,20,20,20,20,20,0,0,1,0,0,1,0,0,0,0,0,0,0.0,0.0,0,0,0,0.0,0.0,0,0,0,0.0,0.0,0.0,0.0,0.0,0.0,0.0,0.0,0.0,0.0,0.0,0.0,5.960464,5.960464,5.960464,5.960464,0.0,0.0,1.0,1.0,0.0,0.0,0.0,0.0,0.0,0.0,0.0,0.0,5.960464,5.960464,5.960464,5.960464,0.0,0.0,0.0,0.0,0.0,0.0,1024,0,1024
NMAP_OS_DETECTION,7.000000000000001e-06,1,1,0,0,144631.1724,144631.1724,289262.3448,1.0,20,20,20,20,20,20,0,0,1,0,0,1,0,0,0,0,0,0,0.0,0.0,0,0,0,0.0,0.0,0,0,0,0.0,0.0,0.0,0.0,0.0,0.0,0.0,0.0,0.0,0.0,0.0,0.0,6.914139,6.914139,6.914139,6.914139,0.0,0.0,1.0,1.0,0.0,0.0,0.0,0.0,0.0,0.0,0.0,0.0,6.914139,6.914139,6.914139,6.914139,0.0,0.0,0.0,0.0,0.0,0.0,1024,0,1024
NMAP_OS_DETECTION,8e-06,1,1,0,0,123361.8824,123361.8824,246723.7647,1.0,20,20,20,20,20,20,0,0,1,0,0,1,0,0,0,0,0,0,0.0,0.0,0,0,0,0.0,0.0,0,0,0,0.0,0.0,0.0,0.0,0.0,0.0,0.0,0.0,0.0,0.0,0.0,0.0,8.106232,8.106232,8.106232,8.106232,0.0,0.0,1.0,1.0,0.0,0.0,0.0,0.0,0.0,0.0,0.0,0.0,8.106232,8.106232,8.106232,8.106232,0.0,0.0,0.0,0.0,0.0,0.0,1024,0,1024
NMAP_OS_DETECTION,2e-06,1,1,0,0,524288.0,524288.0,1048576.0,1.0,20,20,20,20,20,20,0,0,1,0,0,1,0,0,0,0,0,0,0.0,0.0,0,0,0,0.0,0.0,0,0,0,0.0,0.0,0.0,0.0,0.0,0.0,0.0,0.0,0.0,0.0,0.0,0.0,1.907349,1.907349,1.907349,1.907349,0.0,0.0,1.0,1.0,0.0,0.0,0.0,0.0,0.0,0.0,0.0,0.0,1.907349,1.907349,1.907349,1.907349,0.0,0.0,0.0,0.0,0.0,0.0,1024,0,1024
NMAP_OS_DETECTION,7.000000000000001e-06,1,1,0,0,144631.1724,144631.1724,289262.3448,1.0,20,20,20,20,20,20,0,0,1,0,0,1,0,0,0,0,0,0,0.0,0.0,0,0,0,0.0,0.0,0,0,0,0.0,0.0,0.0,0.0,0.0,0.0,0.0,0.0,0.0,0.0,0.0,0.0,6.914139,6.914139,6.914139,6.914139,0.0,0.0,1.0,1.0,0.0,0.0,0.0,0.0,0.0,0.0,0.0,0.0,6.914139,6.914139,6.914139,6.914139,0.0,0.0,0.0,0.0,0.0,0.0,1024,0,1024
NMAP_OS_DETECTION,7.000000000000001e-06,1,1,0,0,139810.1333,139810.1333,279620.2667,1.0,20,20,20,20,20,20,0,0,1,0,0,1,0,0,0,0,0,0,0.0,0.0,0,0,0,0.0,0.0,0,0,0,0.0,0.0,0.0,0.0,0.0,0.0,0.0,0.0,0.0,0.0,0.0,0.0,7.152557000000001,7.152557000000001,7.152557000000001,7.152557000000001,0.0,0.0,1.0,1.0,0.0,0.0,0.0,0.0,0.0,0.0,0.0,0.0,7.152557000000001,7.152557000000001,7.152557000000001,7.152557000000001,0.0,0.0,0.0,0.0,0.0,0.0,1024,0,1024
NMAP_OS_DETECTION,4e-06,1,1,0,0,246723.7647,246723.7647,493447.5294,1.0,20,20,20,20,20,20,0,0,1,0,0,1,0,0,0,0,0,0,0.0,0.0,0,0,0,0.0,0.0,0,0,0,0.0,0.0,0.0,0.0,0.0,0.0,0.0,0.0,0.0,0.0,0.0,0.0,4.053116,4.053116,4.053116,4.053116,0.0,0.0,1.0,1.0,0.0,0.0,0.0,0.0,0.0,0.0,0.0,0.0,4.053116,4.053116,4.053116,4.053116,0.0,0.0,0.0,0.0,0.0,0.0,1024,0,1024
NMAP_OS_DETECTION,4e-06,1,1,0,0,246723.7647,246723.7647,493447.5294,1.0,20,20,20,20,20,20,0,0,1,0,0,1,0,0,0,0,0,0,0.0,0.0,0,0,0,0.0,0.0,0,0,0,0.0,0.0,0.0,0.0,0.0,0.0,0.0,0.0,0.0,0.0,0.0,0.0,4.053116,4.053116,4.053116,4.053116,0.0,0.0,1.0,1.0,0.0,0.0,0.0,0.0,0.0,0.0,0.0,0.0,4.053116,4.053116,4.053116,4.053116,0.0,0.0,0.0,0.0,0.0,0.0,1024,0,1024
NMAP_OS_DETECTION,1.9e-05,1,1,0,0,52428.8,52428.8,104857.6,1.0,20,20,20,20,20,20,0,0,1,0,0,1,0,0,0,0,0,0,0.0,0.0,0,0,0,0.0,0.0,0,0,0,0.0,0.0,0.0,0.0,0.0,0.0,0.0,0.0,0.0,0.0,0.0,0.0,19.073486,19.073486,19.073486,19.073486,0.0,0.0,1.0,1.0,0.0,0.0,0.0,0.0,0.0,0.0,0.0,0.0,19.073486,19.073486,19.073486,19.073486,0.0,0.0,0.0,0.0,0.0,0.0,1024,0,1024
NMAP_OS_DETECTION,6e-06,1,1,0,0,167772.16,167772.16,335544.32,1.0,20,20,20,20,20,20,0,0,1,0,0,1,0,0,0,0,0,0,0.0,0.0,0,0,0,0.0,0.0,0,0,0,0.0,0.0,0.0,0.0,0.0,0.0,0.0,0.0,0.0,0.0,0.0,0.0,5.960464,5.960464,5.960464,5.960464,0.0,0.0,1.0,1.0,0.0,0.0,0.0,0.0,0.0,0.0,0.0,0.0,5.960464,5.960464,5.960464,5.960464,0.0,0.0,0.0,0.0,0.0,0.0,1024,0,1024
NMAP_OS_DETECTION,7.000000000000001e-06,1,1,0,0,144631.1724,144631.1724,289262.3448,1.0,20,20,20,20,20,20,0,0,1,0,0,1,0,0,0,0,0,0,0.0,0.0,0,0,0,0.0,0.0,0,0,0,0.0,0.0,0.0,0.0,0.0,0.0,0.0,0.0,0.0,0.0,0.0,0.0,6.914139,6.914139,6.914139,6.914139,0.0,0.0,1.0,1.0,0.0,0.0,0.0,0.0,0.0,0.0,0.0,0.0,6.914139,6.914139,6.914139,6.914139,0.0,0.0,0.0,0.0,0.0,0.0,1024,0,1024
NMAP_OS_DETECTION,6e-06,1,1,0,0,167772.16,167772.16,335544.32,1.0,20,20,20,20,20,20,0,0,1,0,0,1,0,0,0,0,0,0,0.0,0.0,0,0,0,0.0,0.0,0,0,0,0.0,0.0,0.0,0.0,0.0,0.0,0.0,0.0,0.0,0.0,0.0,0.0,5.960464,5.960464,5.960464,5.960464,0.0,0.0,1.0,1.0,0.0,0.0,0.0,0.0,0.0,0.0,0.0,0.0,5.960464,5.960464,5.960464,5.960464,0.0,0.0,0.0,0.0,0.0,0.0,1024,0,1024
NMAP_OS_DETECTION,1.9e-05,1,1,0,0,52428.8,52428.8,104857.6,1.0,20,20,20,20,20,20,0,0,1,0,0,1,0,0,0,0,0,0,0.0,0.0,0,0,0,0.0,0.0,0,0,0,0.0,0.0,0.0,0.0,0.0,0.0,0.0,0.0,0.0,0.0,0.0,0.0,19.073486,19.073486,19.073486,19.073486,0.0,0.0,1.0,1.0,0.0,0.0,0.0,0.0,0.0,0.0,0.0,0.0,19.073486,19.073486,19.073486,19.073486,0.0,0.0,0.0,0.0,0.0,0.0,1024,0,1024
NMAP_OS_DETECTION,3.2e-05,1,1,0,0,31300.77612,31300.77612,62601.55224,1.0,20,20,20,20,20,20,0,0,1,0,0,1,0,0,0,0,0,0,0.0,0.0,0,0,0,0.0,0.0,0,0,0,0.0,0.0,0.0,0.0,0.0,0.0,0.0,0.0,0.0,0.0,0.0,0.0,31.948090000000004,31.948090000000004,31.948090000000004,31.948090000000004,0.0,0.0,1.0,1.0,0.0,0.0,0.0,0.0,0.0,0.0,0.0,0.0,31.948090000000004,31.948090000000004,31.948090000000004,31.948090000000004,0.0,0.0,0.0,0.0,0.0,0.0,1024,0,1024
NMAP_OS_DETECTION,7.000000000000001e-06,1,1,0,0,144631.1724,144631.1724,289262.3448,1.0,20,20,20,20,20,20,0,0,1,0,0,1,0,0,0,0,0,0,0.0,0.0,0,0,0,0.0,0.0,0,0,0,0.0,0.0,0.0,0.0,0.0,0.0,0.0,0.0,0.0,0.0,0.0,0.0,6.914139,6.914139,6.914139,6.914139,0.0,0.0,1.0,1.0,0.0,0.0,0.0,0.0,0.0,0.0,0.0,0.0,6.914139,6.914139,6.914139,6.914139,0.0,0.0,0.0,0.0,0.0,0.0,1024,0,1024
NMAP_OS_DETECTION,3e-06,1,1,0,0,322638.7692,322638.7692,645277.5385,1.0,20,20,20,20,20,20,0,0,1,0,0,1,0,0,0,0,0,0,0.0,0.0,0,0,0,0.0,0.0,0,0,0,0.0,0.0,0.0,0.0,0.0,0.0,0.0,0.0,0.0,0.0,0.0,0.0,3.099442,3.099442,3.099442,3.099442,0.0,0.0,1.0,1.0,0.0,0.0,0.0,0.0,0.0,0.0,0.0,0.0,3.099442,3.099442,3.099442,3.099442,0.0,0.0,0.0,0.0,0.0,0.0,1024,0,1024
NMAP_OS_DETECTION,5e-06,1,1,0,0,199728.7619,199728.7619,399457.5238,1.0,20,20,20,20,20,20,0,0,1,0,0,1,0,0,0,0,0,0,0.0,0.0,0,0,0,0.0,0.0,0,0,0,0.0,0.0,0.0,0.0,0.0,0.0,0.0,0.0,0.0,0.0,0.0,0.0,5.0067900000000005,5.0067900000000005,5.0067900000000005,5.0067900000000005,0.0,0.0,1.0,1.0,0.0,0.0,0.0,0.0,0.0,0.0,0.0,0.0,5.0067900000000005,5.0067900000000005,5.0067900000000005,5.0067900000000005,0.0,0.0,0.0,0.0,0.0,0.0,1024,0,1024
NMAP_OS_DETECTION,6e-06,1,1,0,0,167772.16,167772.16,335544.32,1.0,20,20,20,20,20,20,0,0,1,0,0,1,0,0,0,0,0,0,0.0,0.0,0,0,0,0.0,0.0,0,0,0,0.0,0.0,0.0,0.0,0.0,0.0,0.0,0.0,0.0,0.0,0.0,0.0,5.960464,5.960464,5.960464,5.960464,0.0,0.0,1.0,1.0,0.0,0.0,0.0,0.0,0.0,0.0,0.0,0.0,5.960464,5.960464,5.960464,5.960464,0.0,0.0,0.0,0.0,0.0,0.0,1024,0,1024
NMAP_OS_DETECTION,6e-06,1,1,0,0,167772.16,167772.16,335544.32,1.0,20,20,20,20,20,20,0,0,1,0,0,1,0,0,0,0,0,0,0.0,0.0,0,0,0,0.0,0.0,0,0,0,0.0,0.0,0.0,0.0,0.0,0.0,0.0,0.0,0.0,0.0,0.0,0.0,5.960464,5.960464,5.960464,5.960464,0.0,0.0,1.0,1.0,0.0,0.0,0.0,0.0,0.0,0.0,0.0,0.0,5.960464,5.960464,5.960464,5.960464,0.0,0.0,0.0,0.0,0.0,0.0,1024,0,1024
NMAP_OS_DETECTION,7.000000000000001e-06,1,1,0,0,144631.1724,144631.1724,289262.3448,1.0,20,20,20,20,20,20,0,0,1,0,0,1,0,0,0,0,0,0,0.0,0.0,0,0,0,0.0,0.0,0,0,0,0.0,0.0,0.0,0.0,0.0,0.0,0.0,0.0,0.0,0.0,0.0,0.0,6.914139,6.914139,6.914139,6.914139,0.0,0.0,1.0,1.0,0.0,0.0,0.0,0.0,0.0,0.0,0.0,0.0,6.914139,6.914139,6.914139,6.914139,0.0,0.0,0.0,0.0,0.0,0.0,1024,0,1024
NMAP_OS_DETECTION,7.000000000000001e-06,1,1,0,0,139810.1333,139810.1333,279620.2667,1.0,20,20,20,20,20,20,0,0,1,0,0,1,0,0,0,0,0,0,0.0,0.0,0,0,0,0.0,0.0,0,0,0,0.0,0.0,0.0,0.0,0.0,0.0,0.0,0.0,0.0,0.0,0.0,0.0,7.152557000000001,7.152557000000001,7.152557000000001,7.152557000000001,0.0,0.0,1.0,1.0,0.0,0.0,0.0,0.0,0.0,0.0,0.0,0.0,7.152557000000001,7.152557000000001,7.152557000000001,7.152557000000001,0.0,0.0,0.0,0.0,0.0,0.0,1024,0,1024
NMAP_OS_DETECTION,4e-06,1,1,0,0,246723.7647,246723.7647,493447.5294,1.0,20,20,20,20,20,20,0,0,1,0,0,1,0,0,0,0,0,0,0.0,0.0,0,0,0,0.0,0.0,0,0,0,0.0,0.0,0.0,0.0,0.0,0.0,0.0,0.0,0.0,0.0,0.0,0.0,4.053116,4.053116,4.053116,4.053116,0.0,0.0,1.0,1.0,0.0,0.0,0.0,0.0,0.0,0.0,0.0,0.0,4.053116,4.053116,4.053116,4.053116,0.0,0.0,0.0,0.0,0.0,0.0,1024,0,1024
NMAP_OS_DETECTION,6e-06,1,1,0,0,167772.16,167772.16,335544.32,1.0,20,20,20,20,20,20,0,0,1,0,0,1,0,0,0,0,0,0,0.0,0.0,0,0,0,0.0,0.0,0,0,0,0.0,0.0,0.0,0.0,0.0,0.0,0.0,0.0,0.0,0.0,0.0,0.0,5.960464,5.960464,5.960464,5.960464,0.0,0.0,1.0,1.0,0.0,0.0,0.0,0.0,0.0,0.0,0.0,0.0,5.960464,5.960464,5.960464,5.960464,0.0,0.0,0.0,0.0,0.0,0.0,1024,0,1024
NMAP_TCP_scan,4e-06,1,1,0,0,262144.0,262144.0,524288.0,1.0,40,40,40,20,20,20,0,1,1,0,0,1,0,0,0,0,0,0,0.0,0.0,0,0,0,0.0,0.0,0,0,0,0.0,0.0,0.0,0.0,0.0,0.0,0.0,0.0,0.0,0.0,0.0,0.0,3.814697,3.814697,3.814697,3.814697,0.0,0.0,1.0,1.0,0.0,0.0,0.0,0.0,0.0,0.0,0.0,0.0,3.814697,3.814697,3.814697,3.814697,0.0,0.0,0.0,0.0,0.0,0.0,64240,0,64240
NMAP_TCP_scan,1e-06,1,1,0,0,1048576.0,1048576.0,2097152.0,1.0,40,40,40,20,20,20,0,1,1,0,0,1,0,0,0,0,0,0,0.0,0.0,0,0,0,0.0,0.0,0,0,0,0.0,0.0,0.0,0.0,0.0,0.0,0.0,0.0,0.0,0.0,0.0,0.0,0.953674,0.953674,0.953674,0.953674,0.0,0.0,1.0,1.0,0.0,0.0,0.0,0.0,0.0,0.0,0.0,0.0,0.953674,0.953674,0.953674,0.953674,0.0,0.0,0.0,0.0,0.0,0.0,64240,0,64240
NMAP_TCP_scan,5e-06,1,1,0,0,199728.7619,199728.7619,399457.5238,1.0,40,40,40,20,20,20,0,1,1,0,0,1,0,0,0,0,0,0,0.0,0.0,0,0,0,0.0,0.0,0,0,0,0.0,0.0,0.0,0.0,0.0,0.0,0.0,0.0,0.0,0.0,0.0,0.0,5.0067900000000005,5.0067900000000005,5.0067900000000005,5.0067900000000005,0.0,0.0,1.0,1.0,0.0,0.0,0.0,0.0,0.0,0.0,0.0,0.0,5.0067900000000005,5.0067900000000005,5.0067900000000005,5.0067900000000005,0.0,0.0,0.0,0.0,0.0,0.0,64240,0,64240
NMAP_TCP_scan,1.4e-05,1,1,0,0,72315.58621,72315.58621,144631.1724,1.0,40,40,40,20,20,20,0,1,1,0,0,1,0,0,0,0,0,0,0.0,0.0,0,0,0,0.0,0.0,0,0,0,0.0,0.0,0.0,0.0,0.0,0.0,0.0,0.0,0.0,0.0,0.0,0.0,13.828278,13.828278,13.828278,13.828278,0.0,0.0,1.0,1.0,0.0,0.0,0.0,0.0,0.0,0.0,0.0,0.0,13.828278,13.828278,13.828278,13.828278,0.0,0.0,0.0,0.0,0.0,0.0,64240,0,64240
NMAP_TCP_scan,4e-06,1,1,0,0,246723.7647,246723.7647,493447.5294,1.0,40,40,40,20,20,20,0,1,1,0,0,1,0,0,0,0,0,0,0.0,0.0,0,0,0,0.0,0.0,0,0,0,0.0,0.0,0.0,0.0,0.0,0.0,0.0,0.0,0.0,0.0,0.0,0.0,4.053116,4.053116,4.053116,4.053116,0.0,0.0,1.0,1.0,0.0,0.0,0.0,0.0,0.0,0.0,0.0,0.0,4.053116,4.053116,4.053116,4.053116,0.0,0.0,0.0,0.0,0.0,0.0,64240,0,64240
NMAP_TCP_scan,1e-05,1,1,0,0,99864.380952,99864.380952,199728.7619,1.0,40,40,40,20,20,20,0,1,1,0,0,1,0,0,0,0,0,0,0.0,0.0,0,0,0,0.0,0.0,0,0,0,0.0,0.0,0.0,0.0,0.0,0.0,0.0,0.0,0.0,0.0,0.0,0.0,10.01358,10.01358,10.01358,10.01358,0.0,0.0,1.0,1.0,0.0,0.0,0.0,0.0,0.0,0.0,0.0,0.0,10.01358,10.01358,10.01358,10.01358,0.0,0.0,0.0,0.0,0.0,0.0,64240,0,64240
NMAP_TCP_scan,6e-06,1,1,0,0,167772.16,167772.16,335544.32,1.0,40,40,40,20,20,20,0,1,1,0,0,1,0,0,0,0,0,0,0.0,0.0,0,0,0,0.0,0.0,0,0,0,0.0,0.0,0.0,0.0,0.0,0.0,0.0,0.0,0.0,0.0,0.0,0.0,5.960464,5.960464,5.960464,5.960464,0.0,0.0,1.0,1.0,0.0,0.0,0.0,0.0,0.0,0.0,0.0,0.0,5.960464,5.960464,5.960464,5.960464,0.0,0.0,0.0,0.0,0.0,0.0,64240,0,64240
NMAP_TCP_scan,2e-06,1,1,0,0,524288.0,524288.0,1048576.0,1.0,40,40,40,20,20,20,0,1,1,0,0,1,0,0,0,0,0,0,0.0,0.0,0,0,0,0.0,0.0,0,0,0,0.0,0.0,0.0,0.0,0.0,0.0,0.0,0.0,0.0,0.0,0.0,0.0,1.907349,1.907349,1.907349,1.907349,0.0,0.0,1.0,1.0,0.0,0.0,0.0,0.0,0.0,0.0,0.0,0.0,1.907349,1.907349,1.907349,1.907349,0.0,0.0,0.0,0.0,0.0,0.0,64240,0,64240
NMAP_TCP_scan,3e-06,1,1,0,0,322638.7692,322638.7692,645277.5385,1.0,40,40,40,20,20,20,0,1,1,0,0,1,0,0,0,0,0,0,0.0,0.0,0,0,0,0.0,0.0,0,0,0,0.0,0.0,0.0,0.0,0.0,0.0,0.0,0.0,0.0,0.0,0.0,0.0,3.099442,3.099442,3.099442,3.099442,0.0,0.0,1.0,1.0,0.0,0.0,0.0,0.0,0.0,0.0,0.0,0.0,3.099442,3.099442,3.099442,3.099442,0.0,0.0,0.0,0.0,0.0,0.0,64240,0,64240
NMAP_TCP_scan,4e-06,1,1,0,0,262144.0,262144.0,524288.0,1.0,40,40,40,20,20,20,0,1,1,0,0,1,0,0,0,0,0,0,0.0,0.0,0,0,0,0.0,0.0,0,0,0,0.0,0.0,0.0,0.0,0.0,0.0,0.0,0.0,0.0,0.0,0.0,0.0,3.814697,3.814697,3.814697,3.814697,0.0,0.0,1.0,1.0,0.0,0.0,0.0,0.0,0.0,0.0,0.0,0.0,3.814697,3.814697,3.814697,3.814697,0.0,0.0,0.0,0.0,0.0,0.0,64240,0,64240
NMAP_TCP_scan,5e-06,1,1,0,0,199728.7619,199728.7619,399457.5238,1.0,40,40,40,20,20,20,0,1,1,0,0,1,0,0,0,0,0,0,0.0,0.0,0,0,0,0.0,0.0,0,0,0,0.0,0.0,0.0,0.0,0.0,0.0,0.0,0.0,0.0,0.0,0.0,0.0,5.0067900000000005,5.0067900000000005,5.0067900000000005,5.0067900000000005,0.0,0.0,1.0,1.0,0.0,0.0,0.0,0.0,0.0,0.0,0.0,0.0,5.0067900000000005,5.0067900000000005,5.0067900000000005,5.0067900000000005,0.0,0.0,0.0,0.0,0.0,0.0,64240,0,64240
NMAP_TCP_scan,5e-06,1,1,0,0,199728.7619,199728.7619,399457.5238,1.0,40,40,40,20,20,20,0,1,1,0,0,1,0,0,0,0,0,0,0.0,0.0,0,0,0,0.0,0.0,0,0,0,0.0,0.0,0.0,0.0,0.0,0.0,0.0,0.0,0.0,0.0,0.0,0.0,5.0067900000000005,5.0067900000000005,5.0067900000000005,5.0067900000000005,0.0,0.0,1.0,1.0,0.0,0.0,0.0,0.0,0.0,0.0,0.0,0.0,5.0067900000000005,5.0067900000000005,5.0067900000000005,5.0067900000000005,0.0,0.0,0.0,0.0,0.0,0.0,64240,0,64240
NMAP_TCP_scan,2e-06,1,1,0,0,466033.7778,466033.7778,932067.5556,1.0,40,40,40,20,20,20,0,1,1,0,0,1,0,0,0,0,0,0,0.0,0.0,0,0,0,0.0,0.0,0,0,0,0.0,0.0,0.0,0.0,0.0,0.0,0.0,0.0,0.0,0.0,0.0,0.0,2.145767,2.145767,2.145767,2.145767,0.0,0.0,1.0,1.0,0.0,0.0,0.0,0.0,0.0,0.0,0.0,0.0,2.145767,2.145767,2.145767,2.145767,0.0,0.0,0.0,0.0,0.0,0.0,64240,0,64240
NMAP_TCP_scan,4e-06,1,1,0,0,262144.0,262144.0,524288.0,1.0,40,40,40,20,20,20,0,1,1,0,0,1,0,0,0,0,0,0,0.0,0.0,0,0,0,0.0,0.0,0,0,0,0.0,0.0,0.0,0.0,0.0,0.0,0.0,0.0,0.0,0.0,0.0,0.0,3.814697,3.814697,3.814697,3.814697,0.0,0.0,1.0,1.0,0.0,0.0,0.0,0.0,0.0,0.0,0.0,0.0,3.814697,3.814697,3.814697,3.814697,0.0,0.0,0.0,0.0,0.0,0.0,64240,0,64240
NMAP_TCP_scan,2e-06,1,1,0,0,524288.0,524288.0,1048576.0,1.0,40,40,40,20,20,20,0,1,1,0,0,1,0,0,0,0,0,0,0.0,0.0,0,0,0,0.0,0.0,0,0,0,0.0,0.0,0.0,0.0,0.0,0.0,0.0,0.0,0.0,0.0,0.0,0.0,1.907349,1.907349,1.907349,1.907349,0.0,0.0,1.0,1.0,0.0,0.0,0.0,0.0,0.0,0.0,0.0,0.0,1.907349,1.907349,1.907349,1.907349,0.0,0.0,0.0,0.0,0.0,0.0,64240,0,64240
NMAP_TCP_scan,4e-06,1,1,0,0,262144.0,262144.0,524288.0,1.0,40,40,40,20,20,20,0,1,1,0,0,1,0,0,0,0,0,0,0.0,0.0,0,0,0,0.0,0.0,0,0,0,0.0,0.0,0.0,0.0,0.0,0.0,0.0,0.0,0.0,0.0,0.0,0.0,3.814697,3.814697,3.814697,3.814697,0.0,0.0,1.0,1.0,0.0,0.0,0.0,0.0,0.0,0.0,0.0,0.0,3.814697,3.814697,3.814697,3.814697,0.0,0.0,0.0,0.0,0.0,0.0,64240,0,64240
NMAP_TCP_scan,3e-06,1,1,0,0,322638.7692,322638.7692,645277.5385,1.0,40,40,40,20,20,20,0,1,1,0,0,1,0,0,0,0,0,0,0.0,0.0,0,0,0,0.0,0.0,0,0,0,0.0,0.0,0.0,0.0,0.0,0.0,0.0,0.0,0.0,0.0,0.0,0.0,3.099442,3.099442,3.099442,3.099442,0.0,0.0,1.0,1.0,0.0,0.0,0.0,0.0,0.0,0.0,0.0,0.0,3.099442,3.099442,3.099442,3.099442,0.0,0.0,0.0,0.0,0.0,0.0,64240,0,64240
NMAP_TCP_scan,5e-06,1,1,0,0,199728.7619,199728.7619,399457.5238,1.0,40,40,40,20,20,20,0,1,1,0,0,1,0,0,0,0,0,0,0.0,0.0,0,0,0,0.0,0.0,0,0,0,0.0,0.0,0.0,0.0,0.0,0.0,0.0,0.0,0.0,0.0,0.0,0.0,5.0067900000000005,5.0067900000000005,5.0067900000000005,5.0067900000000005,0.0,0.0,1.0,1.0,0.0,0.0,0.0,0.0,0.0,0.0,0.0,0.0,5.0067900000000005,5.0067900000000005,5.0067900000000005,5.0067900000000005,0.0,0.0,0.0,0.0,0.0,0.0,64240,0,64240
NMAP_TCP_scan,2e-06,1,1,0,0,466033.7778,466033.7778,932067.5556,1.0,40,40,40,20,20,20,0,1,1,0,0,1,0,0,0,0,0,0,0.0,0.0,0,0,0,0.0,0.0,0,0,0,0.0,0.0,0.0,0.0,0.0,0.0,0.0,0.0,0.0,0.0,0.0,0.0,2.145767,2.145767,2.145767,2.145767,0.0,0.0,1.0,1.0,0.0,0.0,0.0,0.0,0.0,0.0,0.0,0.0,2.145767,2.145767,2.145767,2.145767,0.0,0.0,0.0,0.0,0.0,0.0,64240,0,64240
NMAP_TCP_scan,1.4e-05,1,1,0,0,72315.58621,72315.58621,144631.1724,1.0,40,40,40,20,20,20,0,1,1,0,0,1,0,0,0,0,0,0,0.0,0.0,0,0,0,0.0,0.0,0,0,0,0.0,0.0,0.0,0.0,0.0,0.0,0.0,0.0,0.0,0.0,0.0,0.0,13.828278,13.828278,13.828278,13.828278,0.0,0.0,1.0,1.0,0.0,0.0,0.0,0.0,0.0,0.0,0.0,0.0,13.828278,13.828278,13.828278,13.828278,0.0,0.0,0.0,0.0,0.0,0.0,64240,0,64240
NMAP_TCP_scan,4e-06,1,1,0,0,246723.7647,246723.7647,493447.5294,1.0,40,40,40,20,20,20,0,1,1,0,0,1,0,0,0,0,0,0,0.0,0.0,0,0,0,0.0,0.0,0,0,0,0.0,0.0,0.0,0.0,0.0,0.0,0.0,0.0,0.0,0.0,0.0,0.0,4.053116,4.053116,4.053116,4.053116,0.0,0.0,1.0,1.0,0.0,0.0,0.0,0.0,0.0,0.0,0.0,0.0,4.053116,4.053116,4.053116,4.053116,0.0,0.0,0.0,0.0,0.0,0.0,64240,0,64240
NMAP_TCP_scan,1e-06,1,1,0,0,1048576.0,1048576.0,2097152.0,1.0,40,40,40,20,20,20,0,1,1,0,0,1,0,0,0,0,0,0,0.0,0.0,0,0,0,0.0,0.0,0,0,0,0.0,0.0,0.0,0.0,0.0,0.0,0.0,0.0,0.0,0.0,0.0,0.0,0.953674,0.953674,0.953674,0.953674,0.0,0.0,1.0,1.0,0.0,0.0,0.0,0.0,0.0,0.0,0.0,0.0,0.953674,0.953674,0.953674,0.953674,0.0,0.0,0.0,0.0,0.0,0.0,64240,0,64240
NMAP_TCP_scan,5e-06,1,1,0,0,199728.7619,199728.7619,399457.5238,1.0,40,40,40,20,20,20,0,1,1,0,0,1,0,0,0,0,0,0,0.0,0.0,0,0,0,0.0,0.0,0,0,0,0.0,0.0,0.0,0.0,0.0,0.0,0.0,0.0,0.0,0.0,0.0,0.0,5.0067900000000005,5.0067900000000005,5.0067900000000005,5.0067900000000005,0.0,0.0,1.0,1.0,0.0,0.0,0.0,0.0,0.0,0.0,0.0,0.0,5.0067900000000005,5.0067900000000005,5.0067900000000005,5.0067900000000005,0.0,0.0,0.0,0.0,0.0,0.0,64240,0,64240
NMAP_TCP_scan,2e-06,1,1,0,0,524288.0,524288.0,1048576.0,1.0,40,40,40,20,20,20,0,1,1,0,0,1,0,0,0,0,0,0,0.0,0.0,0,0,0,0.0,0.0,0,0,0,0.0,0.0,0.0,0.0,0.0,0.0,0.0,0.0,0.0,0.0,0.0,0.0,1.907349,1.907349,1.907349,1.907349,0.0,0.0,1.0,1.0,0.0,0.0,0.0,0.0,0.0,0.0,0.0,0.0,1.907349,1.907349,1.907349,1.907349,0.0,0.0,0.0,0.0,0.0,0.0,64240,0,64240
NMAP_TCP_scan,5e-06,1,1,0,0,199728.7619,199728.7619,399457.5238,1.0,40,40,40,20,20,20,0,1,1,0,0,1,0,0,0,0,0,0,0.0,0.0,0,0,0,0.0,0.0,0,0,0,0.0,0.0,0.0,0.0,0.0,0.0,0.0,0.0,0.0,0.0,0.0,0.0,5.0067900000000005,5.0067900000000005,5.0067900000000005,5.0067900000000005,0.0,0.0,1.0,1.0,0.0,0.0,0.0,0.0,0.0,0.0,0.0,0.0,5.0067900000000005,5.0067900000000005,5.0067900000000005,5.0067900000000005,0.0,0.0,0.0,0.0,0.0,0.0,64240,0,64240
NMAP_TCP_scan,2e-06,1,1,0,0,466033.7778,466033.7778,932067.5556,1.0,40,40,40,20,20,20,0,1,1,0,0,1,0,0,0,0,0,0,0.0,0.0,0,0,0,0.0,0.0,0,0,0,0.0,0.0,0.0,0.0,0.0,0.0,0.0,0.0,0.0,0.0,0.0,0.0,2.145767,2.145767,2.145767,2.145767,0.0,0.0,1.0,1.0,0.0,0.0,0.0,0.0,0.0,0.0,0.0,0.0,2.145767,2.145767,2.145767,2.145767,0.0,0.0,0.0,0.0,0.0,0.0,64240,0,64240
NMAP_TCP_scan,6e-06,1,1,0,0,167772.16,167772.16,335544.32,1.0,40,40,40,20,20,20,0,1,1,0,0,1,0,0,0,0,0,0,0.0,0.0,0,0,0,0.0,0.0,0,0,0,0.0,0.0,0.0,0.0,0.0,0.0,0.0,0.0,0.0,0.0,0.0,0.0,5.960464,5.960464,5.960464,5.960464,0.0,0.0,1.0,1.0,0.0,0.0,0.0,0.0,0.0,0.0,0.0,0.0,5.960464,5.960464,5.960464,5.960464,0.0,0.0,0.0,0.0,0.0,0.0,64240,0,64240
NMAP_TCP_scan,4e-06,1,1,0,0,246723.7647,246723.7647,493447.5294,1.0,40,40,40,20,20,20,0,1,1,0,0,1,0,0,0,0,0,0,0.0,0.0,0,0,0,0.0,0.0,0,0,0,0.0,0.0,0.0,0.0,0.0,0.0,0.0,0.0,0.0,0.0,0.0,0.0,4.053116,4.053116,4.053116,4.053116,0.0,0.0,1.0,1.0,0.0,0.0,0.0,0.0,0.0,0.0,0.0,0.0,4.053116,4.053116,4.053116,4.053116,0.0,0.0,0.0,0.0,0.0,0.0,64240,0,64240
NMAP_TCP_scan,1e-06,1,1,0,0,838860.8,838860.8,1677721.6,1.0,40,40,40,20,20,20,0,1,1,0,0,1,0,0,0,0,0,0,0.0,0.0,0,0,0,0.0,0.0,0,0,0,0.0,0.0,0.0,0.0,0.0,0.0,0.0,0.0,0.0,0.0,0.0,0.0,1.192093,1.192093,1.192093,1.192093,0.0,0.0,1.0,1.0,0.0,0.0,0.0,0.0,0.0,0.0,0.0,0.0,1.192093,1.192093,1.192093,1.192093,0.0,0.0,0.0,0.0,0.0,0.0,64240,0,64240
NMAP_TCP_scan,3e-06,1,1,0,0,349525.3333,349525.3333,699050.6667,1.0,40,40,40,20,20,20,0,1,1,0,0,1,0,0,0,0,0,0,0.0,0.0,0,0,0,0.0,0.0,0,0,0,0.0,0.0,0.0,0.0,0.0,0.0,0.0,0.0,0.0,0.0,0.0,0.0,2.861023,2.861023,2.861023,2.861023,0.0,0.0,1.0,1.0,0.0,0.0,0.0,0.0,0.0,0.0,0.0,0.0,2.861023,2.861023,2.861023,2.861023,0.0,0.0,0.0,0.0,0.0,0.0,64240,0,64240
NMAP_TCP_scan,5e-06,1,1,0,0,199728.7619,199728.7619,399457.5238,1.0,40,40,40,20,20,20,0,1,1,0,0,1,0,0,0,0,0,0,0.0,0.0,0,0,0,0.0,0.0,0,0,0,0.0,0.0,0.0,0.0,0.0,0.0,0.0,0.0,0.0,0.0,0.0,0.0,5.0067900000000005,5.0067900000000005,5.0067900000000005,5.0067900000000005,0.0,0.0,1.0,1.0,0.0,0.0,0.0,0.0,0.0,0.0,0.0,0.0,5.0067900000000005,5.0067900000000005,5.0067900000000005,5.0067900000000005,0.0,0.0,0.0,0.0,0.0,0.0,64240,0,64240
NMAP_TCP_scan,2e-06,1,1,0,0,524288.0,524288.0,1048576.0,1.0,40,40,40,20,20,20,0,1,1,0,0,1,0,0,0,0,0,0,0.0,0.0,0,0,0,0.0,0.0,0,0,0,0.0,0.0,0.0,0.0,0.0,0.0,0.0,0.0,0.0,0.0,0.0,0.0,1.907349,1.907349,1.907349,1.907349,0.0,0.0,1.0,1.0,0.0,0.0,0.0,0.0,0.0,0.0,0.0,0.0,1.907349,1.907349,1.907349,1.907349,0.0,0.0,0.0,0.0,0.0,0.0,64240,0,64240
NMAP_TCP_scan,4e-06,1,1,0,0,246723.7647,246723.7647,493447.5294,1.0,40,40,40,20,20,20,0,1,1,0,0,1,0,0,0,0,0,0,0.0,0.0,0,0,0,0.0,0.0,0,0,0,0.0,0.0,0.0,0.0,0.0,0.0,0.0,0.0,0.0,0.0,0.0,0.0,4.053116,4.053116,4.053116,4.053116,0.0,0.0,1.0,1.0,0.0,0.0,0.0,0.0,0.0,0.0,0.0,0.0,4.053116,4.053116,4.053116,4.053116,0.0,0.0,0.0,0.0,0.0,0.0,64240,0,64240
NMAP_TCP_scan,2e-06,1,1,0,0,524288.0,524288.0,1048576.0,1.0,40,40,40,20,20,20,0,1,1,0,0,1,0,0,0,0,0,0,0.0,0.0,0,0,0,0.0,0.0,0,0,0,0.0,0.0,0.0,0.0,0.0,0.0,0.0,0.0,0.0,0.0,0.0,0.0,1.907349,1.907349,1.907349,1.907349,0.0,0.0,1.0,1.0,0.0,0.0,0.0,0.0,0.0,0.0,0.0,0.0,1.907349,1.907349,1.907349,1.907349,0.0,0.0,0.0,0.0,0.0,0.0,64240,0,64240
NMAP_TCP_scan,4e-06,1,1,0,0,246723.7647,246723.7647,493447.5294,1.0,40,40,40,20,20,20,0,1,1,0,0,1,0,0,0,0,0,0,0.0,0.0,0,0,0,0.0,0.0,0,0,0,0.0,0.0,0.0,0.0,0.0,0.0,0.0,0.0,0.0,0.0,0.0,0.0,4.053116,4.053116,4.053116,4.053116,0.0,0.0,1.0,1.0,0.0,0.0,0.0,0.0,0.0,0.0,0.0,0.0,4.053116,4.053116,4.053116,4.053116,0.0,0.0,0.0,0.0,0.0,0.0,64240,0,64240
NMAP_TCP_scan,5e-06,1,1,0,0,199728.7619,199728.7619,399457.5238,1.0,40,40,40,20,20,20,0,1,1,0,0,1,0,0,0,0,0,0,0.0,0.0,0,0,0,0.0,0.0,0,0,0,0.0,0.0,0.0,0.0,0.0,0.0,0.0,0.0,0.0,0.0,0.0,0.0,5.0067900000000005,5.0067900000000005,5.0067900000000005,5.0067900000000005,0.0,0.0,1.0,1.0,0.0,0.0,0.0,0.0,0.0,0.0,0.0,0.0,5.0067900000000005,5.0067900000000005,5.0067900000000005,5.0067900000000005,0.0,0.0,0.0,0.0,0.0,0.0,64240,0,64240
NMAP_TCP_scan,5e-06,1,1,0,0,209715.2,209715.2,419430.4,1.0,40,40,40,20,20,20,0,1,1,0,0,1,0,0,0,0,0,0,0.0,0.0,0,0,0,0.0,0.0,0,0,0,0.0,0.0,0.0,0.0,0.0,0.0,0.0,0.0,0.0,0.0,0.0,0.0,4.768372,4.768372,4.768372,4.768372,0.0,0.0,1.0,1.0,0.0,0.0,0.0,0.0,0.0,0.0,0.0,0.0,4.768372,4.768372,4.768372,4.768372,0.0,0.0,0.0,0.0,0.0,0.0,64240,0,64240
NMAP_TCP_scan,2e-06,1,1,0,0,466033.7778,466033.7778,932067.5556,1.0,40,40,40,20,20,20,0,1,1,0,0,1,0,0,0,0,0,0,0.0,0.0,0,0,0,0.0,0.0,0,0,0,0.0,0.0,0.0,0.0,0.0,0.0,0.0,0.0,0.0,0.0,0.0,0.0,2.145767,2.145767,2.145767,2.145767,0.0,0.0,1.0,1.0,0.0,0.0,0.0,0.0,0.0,0.0,0.0,0.0,2.145767,2.145767,2.145767,2.145767,0.0,0.0,0.0,0.0,0.0,0.0,64240,0,64240
NMAP_TCP_scan,2e-06,1,1,0,0,466033.7778,466033.7778,932067.5556,1.0,40,40,40,20,20,20,0,1,1,0,0,1,0,0,0,0,0,0,0.0,0.0,0,0,0,0.0,0.0,0,0,0,0.0,0.0,0.0,0.0,0.0,0.0,0.0,0.0,0.0,0.0,0.0,0.0,2.145767,2.145767,2.145767,2.145767,0.0,0.0,1.0,1.0,0.0,0.0,0.0,0.0,0.0,0.0,0.0,0.0,2.145767,2.145767,2.145767,2.145767,0.0,0.0,0.0,0.0,0.0,0.0,64240,0,64240
NMAP_TCP_scan,4e-06,1,1,0,0,246723.7647,246723.7647,493447.5294,1.0,40,40,40,20,20,20,0,1,1,0,0,1,0,0,0,0,0,0,0.0,0.0,0,0,0,0.0,0.0,0,0,0,0.0,0.0,0.0,0.0,0.0,0.0,0.0,0.0,0.0,0.0,0.0,0.0,4.053116,4.053116,4.053116,4.053116,0.0,0.0,1.0,1.0,0.0,0.0,0.0,0.0,0.0,0.0,0.0,0.0,4.053116,4.053116,4.053116,4.053116,0.0,0.0,0.0,0.0,0.0,0.0,64240,0,64240
NMAP_UDP_SCAN,0.0,1,0,0,0,0.0,0.0,0.0,0.0,8,8,8,0,0,0,0,0,0,0,0,0,0,0,0,0,0,0,0.0,0.0,0,0,0,0.0,0.0,0,0,0,0.0,0.0,0.0,0.0,0.0,0.0,0.0,0.0,0.0,0.0,0.0,0.0,0.0,0.0,0.0,0.0,0.0,0.0,1.0,0.0,0.0,0.0,0.0,0.0,0.0,0.0,0.0,0.0,0.0,0.0,0.0,0.0,0.0,0.0,0.0,0.0,0.0,0.0,0,0,0
NMAP_UDP_SCAN,0.0,1,0,0,0,0.0,0.0,0.0,0.0,8,8,8,0,0,0,0,0,0,0,0,0,0,0,0,0,0,0,0.0,0.0,0,0,0,0.0,0.0,0,0,0,0.0,0.0,0.0,0.0,0.0,0.0,0.0,0.0,0.0,0.0,0.0,0.0,0.0,0.0,0.0,0.0,0.0,0.0,1.0,0.0,0.0,0.0,0.0,0.0,0.0,0.0,0.0,0.0,0.0,0.0,0.0,0.0,0.0,0.0,0.0,0.0,0.0,0.0,0,0,0
NMAP_UDP_SCAN,0.0,1,0,0,0,0.0,0.0,0.0,0.0,8,8,8,0,0,0,0,0,0,0,0,0,0,0,0,0,0,0,0.0,0.0,0,0,0,0.0,0.0,0,0,0,0.0,0.0,0.0,0.0,0.0,0.0,0.0,0.0,0.0,0.0,0.0,0.0,0.0,0.0,0.0,0.0,0.0,0.0,1.0,0.0,0.0,0.0,0.0,0.0,0.0,0.0,0.0,0.0,0.0,0.0,0.0,0.0,0.0,0.0,0.0,0.0,0.0,0.0,0,0,0
NMAP_UDP_SCAN,0.0,1,0,0,0,0.0,0.0,0.0,0.0,8,8,8,0,0,0,0,0,0,0,0,0,0,0,0,0,0,0,0.0,0.0,0,0,0,0.0,0.0,0,0,0,0.0,0.0,0.0,0.0,0.0,0.0,0.0,0.0,0.0,0.0,0.0,0.0,0.0,0.0,0.0,0.0,0.0,0.0,1.0,0.0,0.0,0.0,0.0,0.0,0.0,0.0,0.0,0.0,0.0,0.0,0.0,0.0,0.0,0.0,0.0,0.0,0.0,0.0,0,0,0
NMAP_UDP_SCAN,0.0,1,0,0,0,0.0,0.0,0.0,0.0,8,8,8,0,0,0,0,0,0,0,0,0,0,0,0,0,0,0,0.0,0.0,0,0,0,0.0,0.0,0,0,0,0.0,0.0,0.0,0.0,0.0,0.0,0.0,0.0,0.0,0.0,0.0,0.0,0.0,0.0,0.0,0.0,0.0,0.0,1.0,0.0,0.0,0.0,0.0,0.0,0.0,0.0,0.0,0.0,0.0,0.0,0.0,0.0,0.0,0.0,0.0,0.0,0.0,0.0,0,0,0
NMAP_UDP_SCAN,0.0,1,0,0,0,0.0,0.0,0.0,0.0,8,8,8,0,0,0,0,0,0,0,0,0,0,0,0,0,0,0,0.0,0.0,0,0,0,0.0,0.0,0,0,0,0.0,0.0,0.0,0.0,0.0,0.0,0.0,0.0,0.0,0.0,0.0,0.0,0.0,0.0,0.0,0.0,0.0,0.0,1.0,0.0,0.0,0.0,0.0,0.0,0.0,0.0,0.0,0.0,0.0,0.0,0.0,0.0,0.0,0.0,0.0,0.0,0.0,0.0,0,0,0
NMAP_UDP_SCAN,0.0,1,0,0,0,0.0,0.0,0.0,0.0,8,8,8,0,0,0,0,0,0,0,0,0,0,0,0,0,0,0,0.0,0.0,0,0,0,0.0,0.0,0,0,0,0.0,0.0,0.0,0.0,0.0,0.0,0.0,0.0,0.0,0.0,0.0,0.0,0.0,0.0,0.0,0.0,0.0,0.0,1.0,0.0,0.0,0.0,0.0,0.0,0.0,0.0,0.0,0.0,0.0,0.0,0.0,0.0,0.0,0.0,0.0,0.0,0.0,0.0,0,0,0
NMAP_UDP_SCAN,0.0,1,0,1,0,0.0,0.0,0.0,0.0,8,8,8,0,0,0,0,0,0,0,0,0,0,0,0,40,40,40,40.0,0.0,0,0,0,0.0,0.0,40,40,40,40.0,0.0,0.0,0.0,0.0,0.0,0.0,0.0,0.0,0.0,0.0,0.0,0.0,0.0,0.0,0.0,0.0,0.0,1.0,0.0,40.0,0.0,0.0,0.0,0.0,0.0,0.0,0.0,0.0,0.0,0.0,0.0,0.0,0.0,0.0,0.0,0.0,0.0,0,0,0
NMAP_UDP_SCAN,0.0,1,0,0,0,0.0,0.0,0.0,0.0,8,8,8,0,0,0,0,0,0,0,0,0,0,0,0,0,0,0,0.0,0.0,0,0,0,0.0,0.0,0,0,0,0.0,0.0,0.0,0.0,0.0,0.0,0.0,0.0,0.0,0.0,0.0,0.0,0.0,0.0,0.0,0.0,0.0,0.0,1.0,0.0,0.0,0.0,0.0,0.0,0.0,0.0,0.0,0.0,0.0,0.0,0.0,0.0,0.0,0.0,0.0,0.0,0.0,0.0,0,0,0
NMAP_UDP_SCAN,0.0,1,0,0,0,0.0,0.0,0.0,0.0,8,8,8,0,0,0,0,0,0,0,0,0,0,0,0,0,0,0,0.0,0.0,0,0,0,0.0,0.0,0,0,0,0.0,0.0,0.0,0.0,0.0,0.0,0.0,0.0,0.0,0.0,0.0,0.0,0.0,0.0,0.0,0.0,0.0,0.0,1.0,0.0,0.0,0.0,0.0,0.0,0.0,0.0,0.0,0.0,0.0,0.0,0.0,0.0,0.0,0.0,0.0,0.0,0.0,0.0,0,0,0
NMAP_UDP_SCAN,0.0,1,0,1,0,0.0,0.0,0.0,0.0,8,8,8,0,0,0,0,0,0,0,0,0,0,0,0,4,4,4,4.0,0.0,0,0,0,0.0,0.0,4,4,4,4.0,0.0,0.0,0.0,0.0,0.0,0.0,0.0,0.0,0.0,0.0,0.0,0.0,0.0,0.0,0.0,0.0,0.0,1.0,0.0,4.0,0.0,0.0,0.0,0.0,0.0,0.0,0.0,0.0,0.0,0.0,0.0,0.0,0.0,0.0,0.0,0.0,0.0,0,0,0
NMAP_UDP_SCAN,0.0,1,0,0,0,0.0,0.0,0.0,0.0,8,8,8,0,0,0,0,0,0,0,0,0,0,0,0,0,0,0,0.0,0.0,0,0,0,0.0,0.0,0,0,0,0.0,0.0,0.0,0.0,0.0,0.0,0.0,0.0,0.0,0.0,0.0,0.0,0.0,0.0,0.0,0.0,0.0,0.0,1.0,0.0,0.0,0.0,0.0,0.0,0.0,0.0,0.0,0.0,0.0,0.0,0.0,0.0,0.0,0.0,0.0,0.0,0.0,0.0,0,0,0
NMAP_UDP_SCAN,0.0,1,0,0,0,0.0,0.0,0.0,0.0,8,8,8,0,0,0,0,0,0,0,0,0,0,0,0,0,0,0,0.0,0.0,0,0,0,0.0,0.0,0,0,0,0.0,0.0,0.0,0.0,0.0,0.0,0.0,0.0,0.0,0.0,0.0,0.0,0.0,0.0,0.0,0.0,0.0,0.0,1.0,0.0,0.0,0.0,0.0,0.0,0.0,0.0,0.0,0.0,0.0,0.0,0.0,0.0,0.0,0.0,0.0,0.0,0.0,0.0,0,0,0
NMAP_UDP_SCAN,0.0,1,0,0,0,0.0,0.0,0.0,0.0,8,8,8,0,0,0,0,0,0,0,0,0,0,0,0,0,0,0,0.0,0.0,0,0,0,0.0,0.0,0,0,0,0.0,0.0,0.0,0.0,0.0,0.0,0.0,0.0,0.0,0.0,0.0,0.0,0.0,0.0,0.0,0.0,0.0,0.0,1.0,0.0,0.0,0.0,0.0,0.0,0.0,0.0,0.0,0.0,0.0,0.0,0.0,0.0,0.0,0.0,0.0,0.0,0.0,0.0,0,0,0
NMAP_UDP_SCAN,0.0,1,0,0,0,0.0,0.0,0.0,0.0,8,8,8,0,0,0,0,0,0,0,0,0,0,0,0,0,0,0,0.0,0.0,0,0,0,0.0,0.0,0,0,0,0.0,0.0,0.0,0.0,0.0,0.0,0.0,0.0,0.0,0.0,0.0,0.0,0.0,0.0,0.0,0.0,0.0,0.0,1.0,0.0,0.0,0.0,0.0,0.0,0.0,0.0,0.0,0.0,0.0,0.0,0.0,0.0,0.0,0.0,0.0,0.0,0.0,0.0,0,0,0
NMAP_UDP_SCAN,0.0,1,0,0,0,0.0,0.0,0.0,0.0,8,8,8,0,0,0,0,0,0,0,0,0,0,0,0,0,0,0,0.0,0.0,0,0,0,0.0,0.0,0,0,0,0.0,0.0,0.0,0.0,0.0,0.0,0.0,0.0,0.0,0.0,0.0,0.0,0.0,0.0,0.0,0.0,0.0,0.0,1.0,0.0,0.0,0.0,0.0,0.0,0.0,0.0,0.0,0.0,0.0,0.0,0.0,0.0,0.0,0.0,0.0,0.0,0.0,0.0,0,0,0
NMAP_UDP_SCAN,0.0,1,0,1,0,0.0,0.0,0.0,0.0,8,8,8,0,0,0,0,0,0,0,0,0,0,0,0,72,72,72,72.0,0.0,0,0,0,0.0,0.0,72,72,72,72.0,0.0,0.0,0.0,0.0,0.0,0.0,0.0,0.0,0.0,0.0,0.0,0.0,0.0,0.0,0.0,0.0,0.0,1.0,0.0,72.0,0.0,0.0,0.0,0.0,0.0,0.0,0.0,0.0,0.0,0.0,0.0,0.0,0.0,0.0,0.0,0.0,0.0,0,0,0
NMAP_UDP_SCAN,0.0,1,0,0,0,0.0,0.0,0.0,0.0,8,8,8,0,0,0,0,0,0,0,0,0,0,0,0,0,0,0,0.0,0.0,0,0,0,0.0,0.0,0,0,0,0.0,0.0,0.0,0.0,0.0,0.0,0.0,0.0,0.0,0.0,0.0,0.0,0.0,0.0,0.0,0.0,0.0,0.0,1.0,0.0,0.0,0.0,0.0,0.0,0.0,0.0,0.0,0.0,0.0,0.0,0.0,0.0,0.0,0.0,0.0,0.0,0.0,0.0,0,0,0
NMAP_UDP_SCAN,0.0,1,0,0,0,0.0,0.0,0.0,0.0,8,8,8,0,0,0,0,0,0,0,0,0,0,0,0,0,0,0,0.0,0.0,0,0,0,0.0,0.0,0,0,0,0.0,0.0,0.0,0.0,0.0,0.0,0.0,0.0,0.0,0.0,0.0,0.0,0.0,0.0,0.0,0.0,0.0,0.0,1.0,0.0,0.0,0.0,0.0,0.0,0.0,0.0,0.0,0.0,0.0,0.0,0.0,0.0,0.0,0.0,0.0,0.0,0.0,0.0,0,0,0
NMAP_UDP_SCAN,0.0,1,0,0,0,0.0,0.0,0.0,0.0,8,8,8,0,0,0,0,0,0,0,0,0,0,0,0,0,0,0,0.0,0.0,0,0,0,0.0,0.0,0,0,0,0.0,0.0,0.0,0.0,0.0,0.0,0.0,0.0,0.0,0.0,0.0,0.0,0.0,0.0,0.0,0.0,0.0,0.0,1.0,0.0,0.0,0.0,0.0,0.0,0.0,0.0,0.0,0.0,0.0,0.0,0.0,0.0,0.0,0.0,0.0,0.0,0.0,0.0,0,0,0
NMAP_UDP_SCAN,0.0,1,0,1,0,0.0,0.0,0.0,0.0,8,8,8,0,0,0,0,0,0,0,0,0,0,0,0,40,40,40,40.0,0.0,0,0,0,0.0,0.0,40,40,40,40.0,0.0,0.0,0.0,0.0,0.0,0.0,0.0,0.0,0.0,0.0,0.0,0.0,0.0,0.0,0.0,0.0,0.0,1.0,0.0,40.0,0.0,0.0,0.0,0.0,0.0,0.0,0.0,0.0,0.0,0.0,0.0,0.0,0.0,0.0,0.0,0.0,0.0,0,0,0
NMAP_UDP_SCAN,0.000515,8,0,2,0,15534.459259,0.0,15534.459259,0.0,260,20,40,0,0,0,1,2,1,2,0,6,0,0,0,0,126,212,26.5,50.219518,0,0,0,0.0,0.0,0,126,212,26.5,50.219518,20.027161,316.858292,514.9841309999999,73.569162,108.80318,0.0,0.0,0.0,0.0,0.0,20.027161,316.858292,514.9841309999999,73.569162,108.80318,411663.1704,8.0,0.0,212.0,0.0,0.0,0.0,0.0,0.0,0.0,0.0,514.9841309999999,514.9841309999999,514.9841309999999,514.9841309999999,0.0,0.0,0.0,0.0,0.0,0.0,65476,0,0
NMAP_UDP_SCAN,0.0,1,0,1,0,0.0,0.0,0.0,0.0,8,8,8,0,0,0,0,0,0,0,0,0,0,0,0,40,40,40,40.0,0.0,0,0,0,0.0,0.0,40,40,40,40.0,0.0,0.0,0.0,0.0,0.0,0.0,0.0,0.0,0.0,0.0,0.0,0.0,0.0,0.0,0.0,0.0,0.0,1.0,0.0,40.0,0.0,0.0,0.0,0.0,0.0,0.0,0.0,0.0,0.0,0.0,0.0,0.0,0.0,0.0,0.0,0.0,0.0,0,0,0
NMAP_UDP_SCAN,0.0,1,0,1,0,0.0,0.0,0.0,0.0,8,8,8,0,0,0,0,0,0,0,0,0,0,0,0,40,40,40,40.0,0.0,0,0,0,0.0,0.0,40,40,40,40.0,0.0,0.0,0.0,0.0,0.0,0.0,0.0,0.0,0.0,0.0,0.0,0.0,0.0,0.0,0.0,0.0,0.0,1.0,0.0,40.0,0.0,0.0,0.0,0.0,0.0,0.0,0.0,0.0,0.0,0.0,0.0,0.0,0.0,0.0,0.0,0.0,0.0,0,0,0
NMAP_UDP_SCAN,0.0,1,0,0,0,0.0,0.0,0.0,0.0,8,8,8,0,0,0,0,0,0,0,0,0,0,0,0,0,0,0,0.0,0.0,0,0,0,0.0,0.0,0,0,0,0.0,0.0,0.0,0.0,0.0,0.0,0.0,0.0,0.0,0.0,0.0,0.0,0.0,0.0,0.0,0.0,0.0,0.0,1.0,0.0,0.0,0.0,0.0,0.0,0.0,0.0,0.0,0.0,0.0,0.0,0.0,0.0,0.0,0.0,0.0,0.0,0.0,0.0,0,0,0
NMAP_UDP_SCAN,0.0,1,0,0,0,0.0,0.0,0.0,0.0,8,8,8,0,0,0,0,0,0,0,0,0,0,0,0,0,0,0,0.0,0.0,0,0,0,0.0,0.0,0,0,0,0.0,0.0,0.0,0.0,0.0,0.0,0.0,0.0,0.0,0.0,0.0,0.0,0.0,0.0,0.0,0.0,0.0,0.0,1.0,0.0,0.0,0.0,0.0,0.0,0.0,0.0,0.0,0.0,0.0,0.0,0.0,0.0,0.0,0.0,0.0,0.0,0.0,0.0,0,0,0
NMAP_UDP_SCAN,0.0,1,0,0,0,0.0,0.0,0.0,0.0,8,8,8,0,0,0,0,0,0,0,0,0,0,0,0,0,0,0,0.0,0.0,0,0,0,0.0,0.0,0,0,0,0.0,0.0,0.0,0.0,0.0,0.0,0.0,0.0,0.0,0.0,0.0,0.0,0.0,0.0,0.0,0.0,0.0,0.0,1.0,0.0,0.0,0.0,0.0,0.0,0.0,0.0,0.0,0.0,0.0,0.0,0.0,0.0,0.0,0.0,0.0,0.0,0.0,0.0,0,0,0
NMAP_UDP_SCAN,0.0,1,0,0,0,0.0,0.0,0.0,0.0,8,8,8,0,0,0,0,0,0,0,0,0,0,0,0,0,0,0,0.0,0.0,0,0,0,0.0,0.0,0,0,0,0.0,0.0,0.0,0.0,0.0,0.0,0.0,0.0,0.0,0.0,0.0,0.0,0.0,0.0,0.0,0.0,0.0,0.0,1.0,0.0,0.0,0.0,0.0,0.0,0.0,0.0,0.0,0.0,0.0,0.0,0.0,0.0,0.0,0.0,0.0,0.0,0.0,0.0,0,0,0
NMAP_UDP_SCAN,0.0,1,0,0,0,0.0,0.0,0.0,0.0,8,8,8,0,0,0,0,0,0,0,0,0,0,0,0,0,0,0,0.0,0.0,0,0,0,0.0,0.0,0,0,0,0.0,0.0,0.0,0.0,0.0,0.0,0.0,0.0,0.0,0.0,0.0,0.0,0.0,0.0,0.0,0.0,0.0,0.0,1.0,0.0,0.0,0.0,0.0,0.0,0.0,0.0,0.0,0.0,0.0,0.0,0.0,0.0,0.0,0.0,0.0,0.0,0.0,0.0,0,0,0
NMAP_UDP_SCAN,0.0,1,0,1,0,0.0,0.0,0.0,0.0,8,8,8,0,0,0,0,0,0,0,0,0,0,0,0,40,40,40,40.0,0.0,0,0,0,0.0,0.0,40,40,40,40.0,0.0,0.0,0.0,0.0,0.0,0.0,0.0,0.0,0.0,0.0,0.0,0.0,0.0,0.0,0.0,0.0,0.0,1.0,0.0,40.0,0.0,0.0,0.0,0.0,0.0,0.0,0.0,0.0,0.0,0.0,0.0,0.0,0.0,0.0,0.0,0.0,0.0,0,0,0
NMAP_UDP_SCAN,0.0,1,0,0,0,0.0,0.0,0.0,0.0,8,8,8,0,0,0,0,0,0,0,0,0,0,0,0,0,0,0,0.0,0.0,0,0,0,0.0,0.0,0,0,0,0.0,0.0,0.0,0.0,0.0,0.0,0.0,0.0,0.0,0.0,0.0,0.0,0.0,0.0,0.0,0.0,0.0,0.0,1.0,0.0,0.0,0.0,0.0,0.0,0.0,0.0,0.0,0.0,0.0,0.0,0.0,0.0,0.0,0.0,0.0,0.0,0.0,0.0,0,0,0
NMAP_UDP_SCAN,0.0,1,0,1,0,0.0,0.0,0.0,0.0,8,8,8,0,0,0,0,0,0,0,0,0,0,0,0,40,40,40,40.0,0.0,0,0,0,0.0,0.0,40,40,40,40.0,0.0,0.0,0.0,0.0,0.0,0.0,0.0,0.0,0.0,0.0,0.0,0.0,0.0,0.0,0.0,0.0,0.0,1.0,0.0,40.0,0.0,0.0,0.0,0.0,0.0,0.0,0.0,0.0,0.0,0.0,0.0,0.0,0.0,0.0,0.0,0.0,0.0,0,0,0
NMAP_UDP_SCAN,0.0,1,0,1,0,0.0,0.0,0.0,0.0,8,8,8,0,0,0,0,0,0,0,0,0,0,0,0,40,40,40,40.0,0.0,0,0,0,0.0,0.0,40,40,40,40.0,0.0,0.0,0.0,0.0,0.0,0.0,0.0,0.0,0.0,0.0,0.0,0.0,0.0,0.0,0.0,0.0,0.0,1.0,0.0,40.0,0.0,0.0,0.0,0.0,0.0,0.0,0.0,0.0,0.0,0.0,0.0,0.0,0.0,0.0,0.0,0.0,0.0,0,0,0
NMAP_UDP_SCAN,0.0,1,0,1,0,0.0,0.0,0.0,0.0,8,8,8,0,0,0,0,0,0,0,0,0,0,0,0,40,40,40,40.0,0.0,0,0,0,0.0,0.0,40,40,40,40.0,0.0,0.0,0.0,0.0,0.0,0.0,0.0,0.0,0.0,0.0,0.0,0.0,0.0,0.0,0.0,0.0,0.0,1.0,0.0,40.0,0.0,0.0,0.0,0.0,0.0,0.0,0.0,0.0,0.0,0.0,0.0,0.0,0.0,0.0,0.0,0.0,0.0,0,0,0
NMAP_UDP_SCAN,0.0,1,0,0,0,0.0,0.0,0.0,0.0,8,8,8,0,0,0,0,0,0,0,0,0,0,0,0,0,0,0,0.0,0.0,0,0,0,0.0,0.0,0,0,0,0.0,0.0,0.0,0.0,0.0,0.0,0.0,0.0,0.0,0.0,0.0,0.0,0.0,0.0,0.0,0.0,0.0,0.0,1.0,0.0,0.0,0.0,0.0,0.0,0.0,0.0,0.0,0.0,0.0,0.0,0.0,0.0,0.0,0.0,0.0,0.0,0.0,0.0,0,0,0
NMAP_UDP_SCAN,0.0,1,0,1,0,0.0,0.0,0.0,0.0,8,8,8,0,0,0,0,0,0,0,0,0,0,0,0,40,40,40,40.0,0.0,0,0,0,0.0,0.0,40,40,40,40.0,0.0,0.0,0.0,0.0,0.0,0.0,0.0,0.0,0.0,0.0,0.0,0.0,0.0,0.0,0.0,0.0,0.0,1.0,0.0,40.0,0.0,0.0,0.0,0.0,0.0,0.0,0.0,0.0,0.0,0.0,0.0,0.0,0.0,0.0,0.0,0.0,0.0,0,0,0
NMAP_UDP_SCAN,0.0,1,0,0,0,0.0,0.0,0.0,0.0,8,8,8,0,0,0,0,0,0,0,0,0,0,0,0,0,0,0,0.0,0.0,0,0,0,0.0,0.0,0,0,0,0.0,0.0,0.0,0.0,0.0,0.0,0.0,0.0,0.0,0.0,0.0,0.0,0.0,0.0,0.0,0.0,0.0,0.0,1.0,0.0,0.0,0.0,0.0,0.0,0.0,0.0,0.0,0.0,0.0,0.0,0.0,0.0,0.0,0.0,0.0,0.0,0.0,0.0,0,0,0
NMAP_UDP_SCAN,0.0,1,0,0,0,0.0,0.0,0.0,0.0,8,8,8,0,0,0,0,0,0,0,0,0,0,0,0,0,0,0,0.0,0.0,0,0,0,0.0,0.0,0,0,0,0.0,0.0,0.0,0.0,0.0,0.0,0.0,0.0,0.0,0.0,0.0,0.0,0.0,0.0,0.0,0.0,0.0,0.0,1.0,0.0,0.0,0.0,0.0,0.0,0.0,0.0,0.0,0.0,0.0,0.0,0.0,0.0,0.0,0.0,0.0,0.0,0.0,0.0,0,0,0
NMAP_UDP_SCAN,0.0,1,0,0,0,0.0,0.0,0.0,0.0,8,8,8,0,0,0,0,0,0,0,0,0,0,0,0,0,0,0,0.0,0.0,0,0,0,0.0,0.0,0,0,0,0.0,0.0,0.0,0.0,0.0,0.0,0.0,0.0,0.0,0.0,0.0,0.0,0.0,0.0,0.0,0.0,0.0,0.0,1.0,0.0,0.0,0.0,0.0,0.0,0.0,0.0,0.0,0.0,0.0,0.0,0.0,0.0,0.0,0.0,0.0,0.0,0.0,0.0,0,0,0
NMAP_UDP_SCAN,0.0,1,0,1,0,0.0,0.0,0.0,0.0,8,8,8,0,0,0,0,0,0,0,0,0,0,0,0,40,40,40,40.0,0.0,0,0,0,0.0,0.0,40,40,40,40.0,0.0,0.0,0.0,0.0,0.0,0.0,0.0,0.0,0.0,0.0,0.0,0.0,0.0,0.0,0.0,0.0,0.0,1.0,0.0,40.0,0.0,0.0,0.0,0.0,0.0,0.0,0.0,0.0,0.0,0.0,0.0,0.0,0.0,0.0,0.0,0.0,0.0,0,0,0
NMAP_XMAS_TREE_SCAN,5e-06,1,1,0,0,199728.7619,199728.7619,399457.5238,1.0,20,20,20,20,20,20,1,0,1,1,0,1,1,0,0,0,0,0,0.0,0.0,0,0,0,0.0,0.0,0,0,0,0.0,0.0,0.0,0.0,0.0,0.0,0.0,0.0,0.0,0.0,0.0,0.0,5.0067900000000005,5.0067900000000005,5.0067900000000005,5.0067900000000005,0.0,0.0,1.0,1.0,0.0,0.0,0.0,0.0,0.0,0.0,0.0,0.0,5.0067900000000005,5.0067900000000005,5.0067900000000005,5.0067900000000005,0.0,0.0,0.0,0.0,0.0,0.0,1024,0,1024
NMAP_XMAS_TREE_SCAN,7.000000000000001e-06,1,1,0,0,144631.1724,144631.1724,289262.3448,1.0,20,20,20,20,20,20,1,0,1,1,0,1,1,0,0,0,0,0,0.0,0.0,0,0,0,0.0,0.0,0,0,0,0.0,0.0,0.0,0.0,0.0,0.0,0.0,0.0,0.0,0.0,0.0,0.0,6.914139,6.914139,6.914139,6.914139,0.0,0.0,1.0,1.0,0.0,0.0,0.0,0.0,0.0,0.0,0.0,0.0,6.914139,6.914139,6.914139,6.914139,0.0,0.0,0.0,0.0,0.0,0.0,1024,0,1024
NMAP_XMAS_TREE_SCAN,7.000000000000001e-06,1,1,0,0,144631.1724,144631.1724,289262.3448,1.0,20,20,20,20,20,20,1,0,1,1,0,1,1,0,0,0,0,0,0.0,0.0,0,0,0,0.0,0.0,0,0,0,0.0,0.0,0.0,0.0,0.0,0.0,0.0,0.0,0.0,0.0,0.0,0.0,6.914139,6.914139,6.914139,6.914139,0.0,0.0,1.0,1.0,0.0,0.0,0.0,0.0,0.0,0.0,0.0,0.0,6.914139,6.914139,6.914139,6.914139,0.0,0.0,0.0,0.0,0.0,0.0,1024,0,1024
NMAP_XMAS_TREE_SCAN,6e-06,1,1,0,0,167772.16,167772.16,335544.32,1.0,20,20,20,20,20,20,1,0,1,1,0,1,1,0,0,0,0,0,0.0,0.0,0,0,0,0.0,0.0,0,0,0,0.0,0.0,0.0,0.0,0.0,0.0,0.0,0.0,0.0,0.0,0.0,0.0,5.960464,5.960464,5.960464,5.960464,0.0,0.0,1.0,1.0,0.0,0.0,0.0,0.0,0.0,0.0,0.0,0.0,5.960464,5.960464,5.960464,5.960464,0.0,0.0,0.0,0.0,0.0,0.0,1024,0,1024
NMAP_XMAS_TREE_SCAN,7.000000000000001e-06,1,1,0,0,144631.1724,144631.1724,289262.3448,1.0,20,20,20,20,20,20,1,0,1,1,0,1,1,0,0,0,0,0,0.0,0.0,0,0,0,0.0,0.0,0,0,0,0.0,0.0,0.0,0.0,0.0,0.0,0.0,0.0,0.0,0.0,0.0,0.0,6.914139,6.914139,6.914139,6.914139,0.0,0.0,1.0,1.0,0.0,0.0,0.0,0.0,0.0,0.0,0.0,0.0,6.914139,6.914139,6.914139,6.914139,0.0,0.0,0.0,0.0,0.0,0.0,1024,0,1024
NMAP_XMAS_TREE_SCAN,8e-06,1,1,0,0,127100.12121199998,127100.12121199998,254200.242424,1.0,20,20,20,20,20,20,1,0,1,1,0,1,1,0,0,0,0,0,0.0,0.0,0,0,0,0.0,0.0,0,0,0,0.0,0.0,0.0,0.0,0.0,0.0,0.0,0.0,0.0,0.0,0.0,0.0,7.867813000000001,7.867813000000001,7.867813000000001,7.867813000000001,0.0,0.0,1.0,1.0,0.0,0.0,0.0,0.0,0.0,0.0,0.0,0.0,7.867813000000001,7.867813000000001,7.867813000000001,7.867813000000001,0.0,0.0,0.0,0.0,0.0,0.0,1024,0,1024
NMAP_XMAS_TREE_SCAN,6e-06,1,1,0,0,167772.16,167772.16,335544.32,1.0,20,20,20,20,20,20,1,0,1,1,0,1,1,0,0,0,0,0,0.0,0.0,0,0,0,0.0,0.0,0,0,0,0.0,0.0,0.0,0.0,0.0,0.0,0.0,0.0,0.0,0.0,0.0,0.0,5.960464,5.960464,5.960464,5.960464,0.0,0.0,1.0,1.0,0.0,0.0,0.0,0.0,0.0,0.0,0.0,0.0,5.960464,5.960464,5.960464,5.960464,0.0,0.0,0.0,0.0,0.0,0.0,1024,0,1024
NMAP_XMAS_TREE_SCAN,6e-06,1,1,0,0,167772.16,167772.16,335544.32,1.0,20,20,20,20,20,20,1,0,1,1,0,1,1,0,0,0,0,0,0.0,0.0,0,0,0,0.0,0.0,0,0,0,0.0,0.0,0.0,0.0,0.0,0.0,0.0,0.0,0.0,0.0,0.0,0.0,5.960464,5.960464,5.960464,5.960464,0.0,0.0,1.0,1.0,0.0,0.0,0.0,0.0,0.0,0.0,0.0,0.0,5.960464,5.960464,5.960464,5.960464,0.0,0.0,0.0,0.0,0.0,0.0,1024,0,1024
NMAP_XMAS_TREE_SCAN,6e-06,1,1,0,0,167772.16,167772.16,335544.32,1.0,20,20,20,20,20,20,1,0,1,1,0,1,1,0,0,0,0,0,0.0,0.0,0,0,0,0.0,0.0,0,0,0,0.0,0.0,0.0,0.0,0.0,0.0,0.0,0.0,0.0,0.0,0.0,0.0,5.960464,5.960464,5.960464,5.960464,0.0,0.0,1.0,1.0,0.0,0.0,0.0,0.0,0.0,0.0,0.0,0.0,5.960464,5.960464,5.960464,5.960464,0.0,0.0,0.0,0.0,0.0,0.0,1024,0,1024
NMAP_XMAS_TREE_SCAN,2e-05,1,1,0,0,49932.190476,49932.190476,99864.380952,1.0,20,20,20,20,20,20,1,0,1,1,0,1,1,0,0,0,0,0,0.0,0.0,0,0,0,0.0,0.0,0,0,0,0.0,0.0,0.0,0.0,0.0,0.0,0.0,0.0,0.0,0.0,0.0,0.0,20.027161,20.027161,20.027161,20.027161,0.0,0.0,1.0,1.0,0.0,0.0,0.0,0.0,0.0,0.0,0.0,0.0,20.027161,20.027161,20.027161,20.027161,0.0,0.0,0.0,0.0,0.0,0.0,1024,0,1024
NMAP_XMAS_TREE_SCAN,7.000000000000001e-06,1,1,0,0,139810.1333,139810.1333,279620.2667,1.0,20,20,20,20,20,20,1,0,1,1,0,1,1,0,0,0,0,0,0.0,0.0,0,0,0,0.0,0.0,0,0,0,0.0,0.0,0.0,0.0,0.0,0.0,0.0,0.0,0.0,0.0,0.0,0.0,7.152557000000001,7.152557000000001,7.152557000000001,7.152557000000001,0.0,0.0,1.0,1.0,0.0,0.0,0.0,0.0,0.0,0.0,0.0,0.0,7.152557000000001,7.152557000000001,7.152557000000001,7.152557000000001,0.0,0.0,0.0,0.0,0.0,0.0,1024,0,1024
NMAP_XMAS_TREE_SCAN,6e-06,1,1,0,0,167772.16,167772.16,335544.32,1.0,20,20,20,20,20,20,1,0,1,1,0,1,1,0,0,0,0,0,0.0,0.0,0,0,0,0.0,0.0,0,0,0,0.0,0.0,0.0,0.0,0.0,0.0,0.0,0.0,0.0,0.0,0.0,0.0,5.960464,5.960464,5.960464,5.960464,0.0,0.0,1.0,1.0,0.0,0.0,0.0,0.0,0.0,0.0,0.0,0.0,5.960464,5.960464,5.960464,5.960464,0.0,0.0,0.0,0.0,0.0,0.0,1024,0,1024
NMAP_XMAS_TREE_SCAN,2e-06,1,1,0,0,524288.0,524288.0,1048576.0,1.0,20,20,20,20,20,20,1,0,1,1,0,1,1,0,0,0,0,0,0.0,0.0,0,0,0,0.0,0.0,0,0,0,0.0,0.0,0.0,0.0,0.0,0.0,0.0,0.0,0.0,0.0,0.0,0.0,1.907349,1.907349,1.907349,1.907349,0.0,0.0,1.0,1.0,0.0,0.0,0.0,0.0,0.0,0.0,0.0,0.0,1.907349,1.907349,1.907349,1.907349,0.0,0.0,0.0,0.0,0.0,0.0,1024,0,1024
NMAP_XMAS_TREE_SCAN,6e-06,1,1,0,0,167772.16,167772.16,335544.32,1.0,20,20,20,20,20,20,1,0,1,1,0,1,1,0,0,0,0,0,0.0,0.0,0,0,0,0.0,0.0,0,0,0,0.0,0.0,0.0,0.0,0.0,0.0,0.0,0.0,0.0,0.0,0.0,0.0,5.960464,5.960464,5.960464,5.960464,0.0,0.0,1.0,1.0,0.0,0.0,0.0,0.0,0.0,0.0,0.0,0.0,5.960464,5.960464,5.960464,5.960464,0.0,0.0,0.0,0.0,0.0,0.0,1024,0,1024
NMAP_XMAS_TREE_SCAN,2e-06,1,1,0,0,524288.0,524288.0,1048576.0,1.0,20,20,20,20,20,20,1,0,1,1,0,1,1,0,0,0,0,0,0.0,0.0,0,0,0,0.0,0.0,0,0,0,0.0,0.0,0.0,0.0,0.0,0.0,0.0,0.0,0.0,0.0,0.0,0.0,1.907349,1.907349,1.907349,1.907349,0.0,0.0,1.0,1.0,0.0,0.0,0.0,0.0,0.0,0.0,0.0,0.0,1.907349,1.907349,1.907349,1.907349,0.0,0.0,0.0,0.0,0.0,0.0,1024,0,1024
NMAP_XMAS_TREE_SCAN,7.000000000000001e-06,1,1,0,0,139810.1333,139810.1333,279620.2667,1.0,20,20,20,20,20,20,1,0,1,1,0,1,1,0,0,0,0,0,0.0,0.0,0,0,0,0.0,0.0,0,0,0,0.0,0.0,0.0,0.0,0.0,0.0,0.0,0.0,0.0,0.0,0.0,0.0,7.152557000000001,7.152557000000001,7.152557000000001,7.152557000000001,0.0,0.0,1.0,1.0,0.0,0.0,0.0,0.0,0.0,0.0,0.0,0.0,7.152557000000001,7.152557000000001,7.152557000000001,7.152557000000001,0.0,0.0,0.0,0.0,0.0,0.0,1024,0,1024
NMAP_XMAS_TREE_SCAN,9e-06,1,1,0,0,110376.4211,110376.4211,220752.842105,1.0,20,20,20,20,20,20,1,0,1,1,0,1,1,0,0,0,0,0,0.0,0.0,0,0,0,0.0,0.0,0,0,0,0.0,0.0,0.0,0.0,0.0,0.0,0.0,0.0,0.0,0.0,0.0,0.0,9.059906,9.059906,9.059906,9.059906,0.0,0.0,1.0,1.0,0.0,0.0,0.0,0.0,0.0,0.0,0.0,0.0,9.059906,9.059906,9.059906,9.059906,0.0,0.0,0.0,0.0,0.0,0.0,1024,0,1024
NMAP_XMAS_TREE_SCAN,9e-06,1,1,0,0,110376.4211,110376.4211,220752.842105,1.0,20,20,20,20,20,20,1,0,1,1,0,1,1,0,0,0,0,0,0.0,0.0,0,0,0,0.0,0.0,0,0,0,0.0,0.0,0.0,0.0,0.0,0.0,0.0,0.0,0.0,0.0,0.0,0.0,9.059906,9.059906,9.059906,9.059906,0.0,0.0,1.0,1.0,0.0,0.0,0.0,0.0,0.0,0.0,0.0,0.0,9.059906,9.059906,9.059906,9.059906,0.0,0.0,0.0,0.0,0.0,0.0,1024,0,1024
NMAP_XMAS_TREE_SCAN,8e-06,1,1,0,0,123361.8824,123361.8824,246723.7647,1.0,20,20,20,20,20,20,1,0,1,1,0,1,1,0,0,0,0,0,0.0,0.0,0,0,0,0.0,0.0,0,0,0,0.0,0.0,0.0,0.0,0.0,0.0,0.0,0.0,0.0,0.0,0.0,0.0,8.106232,8.106232,8.106232,8.106232,0.0,0.0,1.0,1.0,0.0,0.0,0.0,0.0,0.0,0.0,0.0,0.0,8.106232,8.106232,8.106232,8.106232,0.0,0.0,0.0,0.0,0.0,0.0,1024,0,1024
NMAP_XMAS_TREE_SCAN,6e-06,1,1,0,0,167772.16,167772.16,335544.32,1.0,20,20,20,20,20,20,1,0,1,1,0,1,1,0,0,0,0,0,0.0,0.0,0,0,0,0.0,0.0,0,0,0,0.0,0.0,0.0,0.0,0.0,0.0,0.0,0.0,0.0,0.0,0.0,0.0,5.960464,5.960464,5.960464,5.960464,0.0,0.0,1.0,1.0,0.0,0.0,0.0,0.0,0.0,0.0,0.0,0.0,5.960464,5.960464,5.960464,5.960464,0.0,0.0,0.0,0.0,0.0,0.0,1024,0,1024
NMAP_XMAS_TREE_SCAN,8e-06,1,1,0,0,127100.12121199998,127100.12121199998,254200.242424,1.0,20,20,20,20,20,20,1,0,1,1,0,1,1,0,0,0,0,0,0.0,0.0,0,0,0,0.0,0.0,0,0,0,0.0,0.0,0.0,0.0,0.0,0.0,0.0,0.0,0.0,0.0,0.0,0.0,7.867813000000001,7.867813000000001,7.867813000000001,7.867813000000001,0.0,0.0,1.0,1.0,0.0,0.0,0.0,0.0,0.0,0.0,0.0,0.0,7.867813000000001,7.867813000000001,7.867813000000001,7.867813000000001,0.0,0.0,0.0,0.0,0.0,0.0,1024,0,1024
NMAP_XMAS_TREE_SCAN,6e-06,1,1,0,0,167772.16,167772.16,335544.32,1.0,20,20,20,20,20,20,1,0,1,1,0,1,1,0,0,0,0,0,0.0,0.0,0,0,0,0.0,0.0,0,0,0,0.0,0.0,0.0,0.0,0.0,0.0,0.0,0.0,0.0,0.0,0.0,0.0,5.960464,5.960464,5.960464,5.960464,0.0,0.0,1.0,1.0,0.0,0.0,0.0,0.0,0.0,0.0,0.0,0.0,5.960464,5.960464,5.960464,5.960464,0.0,0.0,0.0,0.0,0.0,0.0,1024,0,1024
NMAP_XMAS_TREE_SCAN,6e-06,1,1,0,0,167772.16,167772.16,335544.32,1.0,20,20,20,20,20,20,1,0,1,1,0,1,1,0,0,0,0,0,0.0,0.0,0,0,0,0.0,0.0,0,0,0,0.0,0.0,0.0,0.0,0.0,0.0,0.0,0.0,0.0,0.0,0.0,0.0,5.960464,5.960464,5.960464,5.960464,0.0,0.0,1.0,1.0,0.0,0.0,0.0,0.0,0.0,0.0,0.0,0.0,5.960464,5.960464,5.960464,5.960464,0.0,0.0,0.0,0.0,0.0,0.0,1024,0,1024
NMAP_XMAS_TREE_SCAN,6e-06,1,1,0,0,167772.16,167772.16,335544.32,1.0,20,20,20,20,20,20,1,0,1,1,0,1,1,0,0,0,0,0,0.0,0.0,0,0,0,0.0,0.0,0,0,0,0.0,0.0,0.0,0.0,0.0,0.0,0.0,0.0,0.0,0.0,0.0,0.0,5.960464,5.960464,5.960464,5.960464,0.0,0.0,1.0,1.0,0.0,0.0,0.0,0.0,0.0,0.0,0.0,0.0,5.960464,5.960464,5.960464,5.960464,0.0,0.0,0.0,0.0,0.0,0.0,1024,0,1024
NMAP_XMAS_TREE_SCAN,7.000000000000001e-06,1,1,0,0,144631.1724,144631.1724,289262.3448,1.0,20,20,20,20,20,20,1,0,1,1,0,1,1,0,0,0,0,0,0.0,0.0,0,0,0,0.0,0.0,0,0,0,0.0,0.0,0.0,0.0,0.0,0.0,0.0,0.0,0.0,0.0,0.0,0.0,6.914139,6.914139,6.914139,6.914139,0.0,0.0,1.0,1.0,0.0,0.0,0.0,0.0,0.0,0.0,0.0,0.0,6.914139,6.914139,6.914139,6.914139,0.0,0.0,0.0,0.0,0.0,0.0,1024,0,1024
NMAP_XMAS_TREE_SCAN,6e-06,1,1,0,0,167772.16,167772.16,335544.32,1.0,20,20,20,20,20,20,1,0,1,1,0,1,1,0,0,0,0,0,0.0,0.0,0,0,0,0.0,0.0,0,0,0,0.0,0.0,0.0,0.0,0.0,0.0,0.0,0.0,0.0,0.0,0.0,0.0,5.960464,5.960464,5.960464,5.960464,0.0,0.0,1.0,1.0,0.0,0.0,0.0,0.0,0.0,0.0,0.0,0.0,5.960464,5.960464,5.960464,5.960464,0.0,0.0,0.0,0.0,0.0,0.0,1024,0,1024
NMAP_XMAS_TREE_SCAN,8e-06,1,1,0,0,127100.12121199998,127100.12121199998,254200.242424,1.0,20,20,20,20,20,20,1,0,1,1,0,1,1,0,0,0,0,0,0.0,0.0,0,0,0,0.0,0.0,0,0,0,0.0,0.0,0.0,0.0,0.0,0.0,0.0,0.0,0.0,0.0,0.0,0.0,7.867813000000001,7.867813000000001,7.867813000000001,7.867813000000001,0.0,0.0,1.0,1.0,0.0,0.0,0.0,0.0,0.0,0.0,0.0,0.0,7.867813000000001,7.867813000000001,7.867813000000001,7.867813000000001,0.0,0.0,0.0,0.0,0.0,0.0,1024,0,1024
NMAP_XMAS_TREE_SCAN,6e-06,1,1,0,0,167772.16,167772.16,335544.32,1.0,20,20,20,20,20,20,1,0,1,1,0,1,1,0,0,0,0,0,0.0,0.0,0,0,0,0.0,0.0,0,0,0,0.0,0.0,0.0,0.0,0.0,0.0,0.0,0.0,0.0,0.0,0.0,0.0,5.960464,5.960464,5.960464,5.960464,0.0,0.0,1.0,1.0,0.0,0.0,0.0,0.0,0.0,0.0,0.0,0.0,5.960464,5.960464,5.960464,5.960464,0.0,0.0,0.0,0.0,0.0,0.0,1024,0,1024
NMAP_XMAS_TREE_SCAN,7.000000000000001e-06,1,1,0,0,139810.1333,139810.1333,279620.2667,1.0,20,20,20,20,20,20,1,0,1,1,0,1,1,0,0,0,0,0,0.0,0.0,0,0,0,0.0,0.0,0,0,0,0.0,0.0,0.0,0.0,0.0,0.0,0.0,0.0,0.0,0.0,0.0,0.0,7.152557000000001,7.152557000000001,7.152557000000001,7.152557000000001,0.0,0.0,1.0,1.0,0.0,0.0,0.0,0.0,0.0,0.0,0.0,0.0,7.152557000000001,7.152557000000001,7.152557000000001,7.152557000000001,0.0,0.0,0.0,0.0,0.0,0.0,1024,0,1024
NMAP_XMAS_TREE_SCAN,1e-06,1,1,0,0,1048576.0,1048576.0,2097152.0,1.0,20,20,20,20,20,20,1,0,1,1,0,1,1,0,0,0,0,0,0.0,0.0,0,0,0,0.0,0.0,0,0,0,0.0,0.0,0.0,0.0,0.0,0.0,0.0,0.0,0.0,0.0,0.0,0.0,0.953674,0.953674,0.953674,0.953674,0.0,0.0,1.0,1.0,0.0,0.0,0.0,0.0,0.0,0.0,0.0,0.0,0.953674,0.953674,0.953674,0.953674,0.0,0.0,0.0,0.0,0.0,0.0,1024,0,1024
NMAP_XMAS_TREE_SCAN,7.000000000000001e-06,1,1,0,0,144631.1724,144631.1724,289262.3448,1.0,20,20,20,20,20,20,1,0,1,1,0,1,1,0,0,0,0,0,0.0,0.0,0,0,0,0.0,0.0,0,0,0,0.0,0.0,0.0,0.0,0.0,0.0,0.0,0.0,0.0,0.0,0.0,0.0,6.914139,6.914139,6.914139,6.914139,0.0,0.0,1.0,1.0,0.0,0.0,0.0,0.0,0.0,0.0,0.0,0.0,6.914139,6.914139,6.914139,6.914139,0.0,0.0,0.0,0.0,0.0,0.0,1024,0,1024
NMAP_XMAS_TREE_SCAN,2.9e-05,1,1,0,0,34379.54098,34379.54098,68759.08196699999,1.0,20,20,20,20,20,20,1,0,1,1,0,1,1,0,0,0,0,0,0.0,0.0,0,0,0,0.0,0.0,0,0,0,0.0,0.0,0.0,0.0,0.0,0.0,0.0,0.0,0.0,0.0,0.0,0.0,29.087067,29.087067,29.087067,29.087067,0.0,0.0,1.0,1.0,0.0,0.0,0.0,0.0,0.0,0.0,0.0,0.0,29.087067,29.087067,29.087067,29.087067,0.0,0.0,0.0,0.0,0.0,0.0,1024,0,1024
NMAP_XMAS_TREE_SCAN,7.000000000000001e-06,1,1,0,0,144631.1724,144631.1724,289262.3448,1.0,20,20,20,20,20,20,1,0,1,1,0,1,1,0,0,0,0,0,0.0,0.0,0,0,0,0.0,0.0,0,0,0,0.0,0.0,0.0,0.0,0.0,0.0,0.0,0.0,0.0,0.0,0.0,0.0,6.914139,6.914139,6.914139,6.914139,0.0,0.0,1.0,1.0,0.0,0.0,0.0,0.0,0.0,0.0,0.0,0.0,6.914139,6.914139,6.914139,6.914139,0.0,0.0,0.0,0.0,0.0,0.0,1024,0,1024
NMAP_XMAS_TREE_SCAN,9e-06,1,1,0,0,110376.4211,110376.4211,220752.842105,1.0,20,20,20,20,20,20,1,0,1,1,0,1,1,0,0,0,0,0,0.0,0.0,0,0,0,0.0,0.0,0,0,0,0.0,0.0,0.0,0.0,0.0,0.0,0.0,0.0,0.0,0.0,0.0,0.0,9.059906,9.059906,9.059906,9.059906,0.0,0.0,1.0,1.0,0.0,0.0,0.0,0.0,0.0,0.0,0.0,0.0,9.059906,9.059906,9.059906,9.059906,0.0,0.0,0.0,0.0,0.0,0.0,1024,0,1024
NMAP_XMAS_TREE_SCAN,7.000000000000001e-06,1,1,0,0,144631.1724,144631.1724,289262.3448,1.0,20,20,20,20,20,20,1,0,1,1,0,1,1,0,0,0,0,0,0.0,0.0,0,0,0,0.0,0.0,0,0,0,0.0,0.0,0.0,0.0,0.0,0.0,0.0,0.0,0.0,0.0,0.0,0.0,6.914139,6.914139,6.914139,6.914139,0.0,0.0,1.0,1.0,0.0,0.0,0.0,0.0,0.0,0.0,0.0,0.0,6.914139,6.914139,6.914139,6.914139,0.0,0.0,0.0,0.0,0.0,0.0,1024,0,1024
NMAP_XMAS_TREE_SCAN,6e-06,1,1,0,0,167772.16,167772.16,335544.32,1.0,20,20,20,20,20,20,1,0,1,1,0,1,1,0,0,0,0,0,0.0,0.0,0,0,0,0.0,0.0,0,0,0,0.0,0.0,0.0,0.0,0.0,0.0,0.0,0.0,0.0,0.0,0.0,0.0,5.960464,5.960464,5.960464,5.960464,0.0,0.0,1.0,1.0,0.0,0.0,0.0,0.0,0.0,0.0,0.0,0.0,5.960464,5.960464,5.960464,5.960464,0.0,0.0,0.0,0.0,0.0,0.0,1024,0,1024
NMAP_XMAS_TREE_SCAN,2.7e-05,1,1,0,0,36792.14035,36792.14035,73584.2807,1.0,20,20,20,20,20,20,1,0,1,1,0,1,1,0,0,0,0,0,0.0,0.0,0,0,0,0.0,0.0,0,0,0,0.0,0.0,0.0,0.0,0.0,0.0,0.0,0.0,0.0,0.0,0.0,0.0,27.179718,27.179718,27.179718,27.179718,0.0,0.0,1.0,1.0,0.0,0.0,0.0,0.0,0.0,0.0,0.0,0.0,27.179718,27.179718,27.179718,27.179718,0.0,0.0,0.0,0.0,0.0,0.0,1024,0,1024
NMAP_XMAS_TREE_SCAN,8e-06,1,1,0,0,123361.8824,123361.8824,246723.7647,1.0,20,20,20,20,20,20,1,0,1,1,0,1,1,0,0,0,0,0,0.0,0.0,0,0,0,0.0,0.0,0,0,0,0.0,0.0,0.0,0.0,0.0,0.0,0.0,0.0,0.0,0.0,0.0,0.0,8.106232,8.106232,8.106232,8.106232,0.0,0.0,1.0,1.0,0.0,0.0,0.0,0.0,0.0,0.0,0.0,0.0,8.106232,8.106232,8.106232,8.106232,0.0,0.0,0.0,0.0,0.0,0.0,1024,0,1024
NMAP_XMAS_TREE_SCAN,1e-05,1,1,0,0,99864.380952,99864.380952,199728.7619,1.0,20,20,20,20,20,20,1,0,1,1,0,1,1,0,0,0,0,0,0.0,0.0,0,0,0,0.0,0.0,0,0,0,0.0,0.0,0.0,0.0,0.0,0.0,0.0,0.0,0.0,0.0,0.0,0.0,10.01358,10.01358,10.01358,10.01358,0.0,0.0,1.0,1.0,0.0,0.0,0.0,0.0,0.0,0.0,0.0,0.0,10.01358,10.01358,10.01358,10.01358,0.0,0.0,0.0,0.0,0.0,0.0,1024,0,1024
NMAP_XMAS_TREE_SCAN,9e-06,1,1,0,0,113359.567568,113359.567568,226719.1351,1.0,20,20,20,20,20,20,1,0,1,1,0,1,1,0,0,0,0,0,0.0,0.0,0,0,0,0.0,0.0,0,0,0,0.0,0.0,0.0,0.0,0.0,0.0,0.0,0.0,0.0,0.0,0.0,0.0,8.821487,8.821487,8.821487,8.821487,0.0,0.0,1.0,1.0,0.0,0.0,0.0,0.0,0.0,0.0,0.0,0.0,8.821487,8.821487,8.821487,8.821487,0.0,0.0,0.0,0.0,0.0,0.0,1024,0,1024
Thing_Speak,0.8520559999999999,8,6,2,2,9.389054,7.04179,16.430844,0.75,264,32,40,200,32,40,2,2,0,2,2,13,0,0,0,0,169,203,25.375,59.240279,0,535,539,89.833333,218.092106,0,535,742,53.0,145.874551,92.029572,302638.0539,853770.0176,121967.1454,152039.0829,82.969666,276112.0796,578957.0808,115791.4162,146628.0789,82.969666,273205.9956,853770.0176,65674.61674,118431.7816,870.8347539999999,8.0,6.0,203.0,539.0,0.0,0.0,0.0,0.0,0.0,0.0,853770.0176,853770.0176,853770.0176,853770.0176,0.0,0.0,0.0,0.0,0.0,0.0,64240,26847,501
Thing_Speak,0.0271889999999999,2,2,2,2,73.559116,73.559116,147.118231,1.0,16,8,8,16,8,8,0,0,0,0,0,0,0,0,0,36,36,72,36.0,0.0,36,68,104,52.0,22.627417,36,68,176,44.0,16.0,247.001648,247.001648,247.001648,247.001648,0.0,25908.94699,25908.94699,25908.94699,25908.94699,0.0,247.001648,25908.94699,27189.01634,9063.005447,14594.30659,6473.202185,2.0,2.0,72.0,104.0,0.0,0.0,0.0,0.0,0.0,0.0,27189.01634,27189.01634,27189.01634,27189.01634,0.0,0.0,0.0,0.0,0.0,0.0,0,0,0
Thing_Speak,0.028063,2,2,2,2,71.268674,71.268674,142.537348,1.0,16,8,8,16,8,8,0,0,0,0,0,0,0,0,0,32,32,64,32.0,0.0,32,64,96,48.0,22.627417,32,64,160,40.0,16.0,239.849091,239.849091,239.849091,239.849091,0.0,26836.8721,26836.8721,26836.8721,26836.8721,0.0,239.849091,26836.8721,28062.82044,9354.273478,15144.97155,5701.493917,2.0,2.0,64.0,96.0,0.0,0.0,0.0,0.0,0.0,0.0,28062.82044,28062.82044,28062.82044,28062.82044,0.0,0.0,0.0,0.0,0.0,0.0,0,0,0
Thing_Speak,0.708141,7,5,2,1,9.885036,7.060739999999999,16.945776000000002,0.714286,232,32,40,168,32,40,2,2,0,2,1,11,0,0,0,0,169,203,29.0,63.02116,0,539,539,107.8,241.048128,0,539,742,61.833333,157.929117,92.029572,255040.884,710005.9986,118334.3331,129077.9698,76.055527,231965.065,484248.1613,121062.0403,126239.4574,76.055527,229070.9019,710005.9986,64545.99987000001,103724.3622,1047.813793,7.0,5.0,203.0,539.0,0.0,0.0,0.0,0.0,0.0,0.0,710005.9986,710005.9986,710005.9986,710005.9986,0.0,0.0,0.0,0.0,0.0,0.0,64240,26847,501
Thing_Speak,1.257212,13,11,3,8,10.340339,8.749518,19.089857,0.8461540000000001,400,20,40,360,32,40,2,2,2,3,6,21,0,0,0,0,517,840,64.615385,149.35892900000002,0,1408,6160,560.0,609.661874,0,1408,7000,291.666667,486.638127,217.914581,249663.8298,1259624.004,104968.667,112421.2991,87.02278100000001,315943.9564,1032169.104,103216.9104,134398.5713,87.02278100000001,247648.9544,1259624.004,54766.26106,94414.27312,5567.874867,13.0,11.0,840.0,6160.0,0.0,0.0,0.0,0.0,0.0,0.0,1259624.004,1259624.004,1259624.004,1259624.004,0.0,0.0,0.0,0.0,0.0,0.0,64240,26847,0
Thing_Speak,0.026805,2,2,2,2,74.613157,74.613157,149.226314,1.0,16,8,8,16,8,8,0,0,0,0,0,0,0,0,0,32,32,64,32.0,0.0,32,64,96,48.0,22.627417,32,64,160,40.0,16.0,239.849091,239.849091,239.849091,239.849091,0.0,25857.92542,25857.92542,25857.92542,25857.92542,0.0,239.849091,25857.92542,26804.92401,8934.97467,14657.56763,5969.052549,2.0,2.0,64.0,96.0,0.0,0.0,0.0,0.0,0.0,0.0,26804.92401,26804.92401,26804.92401,26804.92401,0.0,0.0,0.0,0.0,0.0,0.0,0,0,0
Thing_Speak,0.709294,8,6,2,2,11.27882,8.459114999999999,19.737934,0.75,264,32,40,200,32,40,2,2,0,2,2,13,0,0,0,0,169,215,26.875,59.640440000000005,0,535,538,89.666667,218.171187,0,535,753,53.785714,145.8161,92.029572,254723.7873,711121.0823,101588.726,126194.8989,61.03515600000001,228167.057,484551.1913,96910.23827,120275.307,61.03515600000001,224742.8894,711121.0823,54701.62172,96988.82839,1061.618898,8.0,6.0,215.0,538.0,0.0,0.0,0.0,0.0,0.0,0.0,711121.0823,711121.0823,711121.0823,711121.0823,0.0,0.0,0.0,0.0,0.0,0.0,64240,26847,501
Thing_Speak,0.0293459999999999,2,2,2,2,68.15241400000001,68.15241400000001,136.304828,1.0,16,8,8,16,8,8,0,0,0,0,0,0,0,0,0,32,32,64,32.0,0.0,32,64,96,48.0,22.627417,32,64,160,40.0,16.0,241.041183,241.041183,241.041183,241.041183,0.0,28110.02731,28110.02731,28110.02731,28110.02731,0.0,241.041183,28110.02731,29345.989230000003,9781.996409,15877.0155,5452.193101,2.0,2.0,64.0,96.0,0.0,0.0,0.0,0.0,0.0,0.0,29345.989230000003,29345.989230000003,29345.989230000003,29345.989230000003,0.0,0.0,0.0,0.0,0.0,0.0,0,0,0
Thing_Speak,0.886592,7,5,2,1,7.895403,5.639573,13.534976,0.714286,232,32,40,168,32,40,2,2,0,2,1,11,0,0,0,0,169,215,30.714286,63.34223000000001,0,538,538,107.6,240.600914,0,538,753,62.75,157.50043300000002,92.029572,319006.9199,888625.8602,148104.31,161701.4692,149.96528600000002,285820.961,605350.0175,151337.5044,154653.8284,92.029572,281625.9861,888625.8602,80784.16911,129238.0283,849.319727,7.0,5.0,215.0,538.0,0.0,0.0,0.0,0.0,0.0,0.0,888625.8602,888625.8602,888625.8602,888625.8602,0.0,0.0,0.0,0.0,0.0,0.0,64240,26847,501
Thing_Speak,0.000324,1,1,1,1,3086.316409,3086.316409,6172.632818,1.0,8,8,8,8,8,8,0,0,0,0,0,0,0,0,0,90,90,90,90.0,0.0,90,90,90,90.0,0.0,90,90,180,90.0,0.0,0.0,0.0,0.0,0.0,0.0,0.0,0.0,0.0,0.0,0.0,324.010849,324.010849,324.010849,324.010849,0.0,555536.9536,1.0,1.0,90.0,90.0,0.0,0.0,0.0,0.0,0.0,0.0,324.010849,324.010849,324.010849,324.010849,0.0,0.0,0.0,0.0,0.0,0.0,0,0,0
Thing_Speak,0.903407,7,5,2,1,7.748447,5.534605,13.283052,0.714286,232,32,40,168,32,40,2,2,0,2,1,11,0,0,0,0,169,203,29.0,63.02116,0,539,539,107.8,241.048128,0,539,742,61.833333,157.929117,98.94371,319450.14,905290.8421,150881.807,164462.3888,91.075897,293670.8927,613783.8364,153445.9591,161373.7265,91.075897,289663.0764,905290.8421,82299.16746,133352.4995,821.335363,7.0,5.0,203.0,539.0,0.0,0.0,0.0,0.0,0.0,0.0,905290.8421,905290.8421,905290.8421,905290.8421,0.0,0.0,0.0,0.0,0.0,0.0,64240,26847,501
Thing_Speak,0.069513,2,2,2,2,28.771661,28.771661,57.543322,1.0,16,8,8,16,8,8,0,0,0,0,0,0,0,0,0,36,36,72,36.0,0.0,36,68,104,52.0,22.627417,36,68,176,44.0,16.0,241.041183,241.041183,241.041183,241.041183,0.0,68282.84264,68282.84264,68282.84264,68282.84264,0.0,241.041183,68282.84264,69512.84409,23170.94803,39069.83647,2531.906187,2.0,2.0,72.0,104.0,0.0,0.0,0.0,0.0,0.0,0.0,69512.84409,69512.84409,69512.84409,69512.84409,0.0,0.0,0.0,0.0,0.0,0.0,0,0,0
Thing_Speak,1.515098,14,12,3,9,9.240327,7.92028,17.160608,0.857143,432,20,40,392,32,40,2,2,2,3,5,23,0,0,0,0,517,840,60.0,144.534798,0,1352,6158,513.166667,631.878704,0,1352,6998,269.153846,489.509689,250.101089,294160.1276,1517633.915,116741.0704,135913.8681,45.061111,370579.958,1242303.848,112936.7135,158028.1264,45.061111,291911.1252,1517633.915,60705.3566,111842.2982,4618.843575,14.0,12.0,840.0,6158.0,0.0,4548.0,0.0,5.0,0.0,6477315.651000001,1517633.915,1517633.915,1517633.915,1517633.915,0.0,0.0,0.0,0.0,0.0,0.0,64240,26847,0
Thing_Speak,1.460246,14,12,3,9,9.587425,8.217792999999999,17.805218,0.857143,432,20,40,392,32,40,2,2,2,3,6,23,0,0,0,0,517,840,60.0,144.534798,0,1352,6153,512.75,591.7619490000001,0,1352,6993,268.961538,466.822491,241.041183,281129.1218,1462743.044,112518.6957,131099.1299,43.153763,361383.9149,1197101.116,108827.3742,152484.7995,43.153763,279006.958,1462743.044,58509.72176,107808.0683,4788.918845,14.0,12.0,840.0,6153.0,0.0,4548.0,0.0,5.0,0.0,5479946.737000001,1462743.044,1462743.044,1462743.044,1462743.044,0.0,0.0,0.0,0.0,0.0,0.0,64240,26847,0
Thing_Speak,0.042324,2,2,2,2,47.254705,47.254705,94.50941,1.0,16,8,8,16,8,8,0,0,0,0,0,0,0,0,0,36,36,72,36.0,0.0,36,68,104,52.0,22.627417,36,68,176,44.0,16.0,257.015228,257.015228,257.015228,257.015228,0.0,41059.97086,41059.97086,41059.97086,41059.97086,0.0,257.015228,41059.97086,42323.82774,14107.94258,23344.15197,4158.414051,2.0,2.0,72.0,104.0,0.0,0.0,0.0,0.0,0.0,0.0,42323.82774,42323.82774,42323.82774,42323.82774,0.0,0.0,0.0,0.0,0.0,0.0,0,0,0
Thing_Speak,0.832391,8,6,2,2,9.610868,7.208150999999999,16.819018,0.75,264,32,40,200,32,40,2,2,0,2,2,13,0,0,0,0,169,203,25.375,59.240279,0,535,539,89.833333,218.092106,0,535,742,53.0,145.874551,95.844269,293609.1423,834339.1418,119191.306,148063.2344,41.96167,271090.9843,565135.9558,113027.1912,143943.7306,41.96167,267255.0678,834339.1418,64179.93399,115889.7761,891.407979,8.0,6.0,203.0,539.0,0.0,0.0,0.0,0.0,0.0,0.0,834339.1418,834339.1418,834339.1418,834339.1418,0.0,0.0,0.0,0.0,0.0,0.0,64240,26847,501
Thing_Speak,0.050457,2,2,2,2,39.637711,39.637711,79.275421,1.0,16,8,8,16,8,8,0,0,0,0,0,0,0,0,0,32,32,64,32.0,0.0,32,64,96,48.0,22.627417,32,64,160,40.0,16.0,895.9770199999999,895.9770199999999,895.9770199999999,895.9770199999999,0.0,49283.02765,49283.02765,49283.02765,49283.02765,0.0,277.996063,49283.02765,50457.00073,16819.00024,28116.37035,3171.016859,2.0,2.0,64.0,96.0,0.0,0.0,0.0,0.0,0.0,0.0,50457.00073,50457.00073,50457.00073,50457.00073,0.0,0.0,0.0,0.0,0.0,0.0,0,0,0
Thing_Speak,0.037107,2,2,2,2,53.8982,53.8982,107.796399,1.0,16,8,8,16,8,8,0,0,0,0,0,0,0,0,0,36,36,72,36.0,0.0,36,68,104,52.0,22.627417,36,68,176,44.0,16.0,36862.85019,36862.85019,36862.85019,36862.85019,0.0,2225.160599,2225.160599,2225.160599,2225.160599,0.0,244.140625,34881.83021,37106.99081,12368.99694,19516.01737,4743.041571,2.0,2.0,72.0,104.0,0.0,0.0,0.0,0.0,0.0,0.0,37106.99081,37106.99081,37106.99081,37106.99081,0.0,0.0,0.0,0.0,0.0,0.0,0,0,0
Thing_Speak,1.482946,14,13,3,10,9.440668,8.766335,18.207002,0.928571,432,20,40,424,32,40,2,2,2,3,7,24,0,0,0,0,517,840,60.0,144.534798,0,1352,6162,474.0,579.640406,0,1352,7002,259.333333,458.203264,206.947327,288003.9215,1485354.9,114258.0693,132940.9914,18.835068,365782.9762,1216269.0159999998,101355.7514,151021.6466,18.835068,285172.9393,1485354.9,57129.03463,107834.8052,4721.682639,14.0,13.0,840.0,6162.0,0.0,4548.0,0.0,5.0,0.0,5031837.138,1485354.9,1485354.9,1485354.9,1485354.9,0.0,0.0,0.0,0.0,0.0,0.0,64240,26847,0
Thing_Speak,0.019736,2,2,2,2,101.337392,101.337392,202.674785,1.0,16,8,8,16,8,8,0,0,0,0,0,0,0,0,0,36,36,72,36.0,0.0,36,68,104,52.0,22.627417,36,68,176,44.0,16.0,241.041183,241.041183,241.041183,241.041183,0.0,18517.97104,18517.97104,18517.97104,18517.97104,0.0,241.041183,18517.97104,19736.05156,6578.683853,10346.27262,8917.690525,2.0,2.0,72.0,104.0,0.0,0.0,0.0,0.0,0.0,0.0,19736.05156,19736.05156,19736.05156,19736.05156,0.0,0.0,0.0,0.0,0.0,0.0,0,0,0
Thing_Speak,1.510342,14,12,3,9,9.269424,7.945221000000001,17.214645,0.857143,432,20,40,392,32,40,2,2,2,3,5,23,0,0,0,0,517,840,60.0,144.534798,0,1352,6106,508.833333,634.573706,0,1352,6946,267.153846,490.011485,228.16658,291342.02,1512727.022,116363.6171,135837.0395,20.027161,370508.194,1237596.035,112508.7305,157461.7004,20.027161,289243.9365,1512727.022,60509.08089,111627.5258,4598.958739,14.0,12.0,840.0,6106.0,0.0,4548.0,0.0,5.0,0.0,4848931.01,1512727.022,1512727.022,1512727.022,1512727.022,0.0,0.0,0.0,0.0,0.0,0.0,64240,26847,0
Thing_Speak,0.753202,7,5,2,1,9.293656,6.638325999999999,15.931982,0.714286,232,32,40,168,32,40,2,2,0,2,1,11,0,0,0,0,169,215,30.714286,63.34223000000001,0,538,538,107.6,240.600914,0,538,753,62.75,157.50043300000002,92.983246,279745.1019,755010.8433,125835.1405,137642.9642,55.789948,239866.0183,520106.0772,130026.5193,125925.1144,55.789948,235579.0138,755010.8433,68637.34939,107038.4216,999.731863,7.0,5.0,215.0,538.0,0.0,0.0,0.0,0.0,0.0,0.0,755010.8433,755010.8433,755010.8433,755010.8433,0.0,0.0,0.0,0.0,0.0,0.0,64240,26847,501
Thing_Speak,1.734719,14,12,3,9,8.070472,6.917548,14.98802,0.857143,432,20,40,392,32,40,2,2,2,3,6,23,0,0,0,0,517,840,60.0,144.534798,0,1408,6722,560.166667,624.533838,0,1408,7562,290.846154,497.131909,241.041183,349664.9265,1833052.874,141004.0672,162156.3132,52.928925,447823.0476,1487970.829,135270.0754,188973.7272,52.928925,257966.9952,1833052.874,73322.11494,98942.9287,4359.20796,14.0,12.0,840.0,6722.0,0.0,0.0,0.0,0.0,0.0,0.0,1833052.874,1833052.874,1833052.874,1833052.874,0.0,0.0,0.0,0.0,0.0,0.0,64240,26847,0
Thing_Speak,0.849317,7,5,2,1,8.241918,5.887085,14.129003,0.714286,232,32,40,168,32,40,2,2,0,2,1,11,0,0,0,0,169,203,29.0,63.02116,0,539,539,107.8,241.048128,0,539,742,61.833333,157.929117,94.175339,304877.0428,851095.9148,141849.3191,155416.0576,78.91655,275261.879,579565.0482,144891.2621,149693.9529,78.91655,271145.8206,851095.9148,77372.3559,124204.9059,873.643344,7.0,5.0,203.0,539.0,0.0,0.0,0.0,0.0,0.0,0.0,851095.9148,851095.9148,851095.9148,851095.9148,0.0,0.0,0.0,0.0,0.0,0.0,64240,26847,501
Thing_Speak,0.041868,1,1,1,1,23.884606,23.884606,47.769212,1.0,8,8,8,8,8,8,0,0,0,0,0,0,0,0,0,60,60,60,60.0,0.0,76,76,76,76.0,0.0,60,76,136,68.0,11.313708,0.0,0.0,0.0,0.0,0.0,0.0,0.0,0.0,0.0,0.0,41867.97142,41867.97142,41867.97142,41867.97142,0.0,3248.306411,1.0,1.0,60.0,76.0,0.0,0.0,0.0,0.0,0.0,0.0,41867.97142,41867.97142,41867.97142,41867.97142,0.0,0.0,0.0,0.0,0.0,0.0,0,0,0
Thing_Speak,0.719032,7,5,2,1,9.73531,6.953792999999999,16.689103,0.714286,232,32,40,168,32,40,2,2,0,2,1,11,0,0,0,0,169,203,29.0,63.02116,0,539,539,107.8,241.048128,0,539,742,61.833333,157.929117,94.890594,267893.0759,720798.9693,120133.1615,131584.4672,56.028366000000005,224048.8529,492197.9904,123049.4976,117931.5202,56.028366000000005,226834.0588,720798.9693,65527.17902,101798.9165,1031.942875,7.0,5.0,203.0,539.0,0.0,0.0,0.0,0.0,0.0,0.0,720798.9693,720798.9693,720798.9693,720798.9693,0.0,0.0,0.0,0.0,0.0,0.0,64240,26847,501
Thing_Speak,0.054603,2,2,2,2,36.627957,36.627957,73.255914,1.0,16,8,8,16,8,8,0,0,0,0,0,0,0,0,0,36,36,72,36.0,0.0,36,68,104,52.0,22.627417,36,68,176,44.0,16.0,258.922577,258.922577,258.922577,258.922577,0.0,53357.12433,53357.12433,53357.12433,53357.12433,0.0,258.922577,53357.12433,54603.09982,18201.03327,30448.244560000003,3223.260228,2.0,2.0,72.0,104.0,0.0,0.0,0.0,0.0,0.0,0.0,54603.09982,54603.09982,54603.09982,54603.09982,0.0,0.0,0.0,0.0,0.0,0.0,0,0,0
Thing_Speak,0.7358100000000001,7,5,2,1,9.513325,6.795232,16.308557,0.714286,232,32,40,168,32,40,2,2,0,2,1,11,0,0,0,0,169,203,29.0,63.02116,0,539,539,107.8,241.048128,0,539,742,61.833333,157.929117,92.029572,275651.9318,737621.069,122936.8448,134711.9172,62.942505,236021.0419,507935.0472,126983.7618,124471.7763,62.942505,233709.0969,737621.069,67056.46081,105140.1506,1008.412441,7.0,5.0,203.0,539.0,0.0,0.0,0.0,0.0,0.0,0.0,737621.069,737621.069,737621.069,737621.069,0.0,0.0,0.0,0.0,0.0,0.0,64240,26847,501
Thing_Speak,1.534033,14,13,3,10,9.12627,8.474394,17.600664000000002,0.928571,432,20,40,424,32,40,2,2,2,3,7,24,0,0,0,0,517,840,60.0,144.534798,0,1352,6183,475.615385,581.321704,0,1352,7023,260.111111,459.5634490000001,221.967697,296463.0127,1536401.033,118184.6949,138373.5771,20.027161,376319.8853,1256171.942,104680.9951,155913.8433,20.027161,293592.9298,1536401.033,59092.34744,112051.3816,4578.128192,14.0,13.0,840.0,6183.0,0.0,4548.0,0.0,5.0,0.0,5815760.546,1536401.033,1536401.033,1536401.033,1536401.033,0.0,0.0,0.0,0.0,0.0,0.0,64240,26847,0
Thing_Speak,0.031074,2,2,2,2,64.362392,64.362392,128.724784,1.0,16,8,8,16,8,8,0,0,0,0,0,0,0,0,0,36,36,72,36.0,0.0,36,68,104,52.0,22.627417,36,68,176,44.0,16.0,30835.86693,30835.86693,30835.86693,30835.86693,0.0,2048.015594,2048.015594,2048.015594,2048.015594,0.0,238.180161,29026.03149,31074.04709,10358.0157,16186.063,5663.890497,2.0,2.0,72.0,104.0,0.0,0.0,0.0,0.0,0.0,0.0,31074.04709,31074.04709,31074.04709,31074.04709,0.0,0.0,0.0,0.0,0.0,0.0,0,0,0
Thing_Speak,0.860922,7,5,2,1,8.130817,5.807726000000001,13.938543,0.714286,232,32,40,168,32,40,2,2,0,2,1,11,0,0,0,0,169,214,30.571429,63.303126,0,538,538,107.6,240.600914,0,538,752,62.666667,157.51036499999998,90.837479,307839.1552,863022.089,143837.0148,156977.3402,127.077103,278275.01300000004,586642.0269,146660.5067,151491.6713,90.837479,274280.0713,863022.089,78456.55355,126064.7756,873.482051,7.0,5.0,214.0,538.0,0.0,0.0,0.0,0.0,0.0,0.0,863022.089,863022.089,863022.089,863022.089,0.0,0.0,0.0,0.0,0.0,0.0,64240,26847,501
Thing_Speak,0.889567,7,5,2,1,7.868997999999999,5.620712999999999,13.489710999999998,0.714286,232,32,40,168,32,40,2,2,0,2,1,11,0,0,0,0,169,203,29.0,63.02116,0,539,539,107.8,241.048128,0,539,742,61.833333,157.929117,40.054321,316741.9434,891378.8795,148563.1466,162139.1101,118.017197,288209.9152,605216.98,151304.245,157486.6951,40.054321,284349.9184,891378.8795,81034.4436,130819.1062,834.113771,7.0,5.0,203.0,539.0,0.0,0.0,0.0,0.0,0.0,0.0,891378.8795,891378.8795,891378.8795,891378.8795,0.0,0.0,0.0,0.0,0.0,0.0,64240,26847,501
Thing_Speak,0.271305,1,1,1,1,3.685887,3.685887,7.371775,1.0,8,8,8,8,8,8,0,0,0,0,0,0,0,0,0,48,48,48,48.0,0.0,48,48,48,48.0,0.0,48,48,96,48.0,0.0,0.0,0.0,0.0,0.0,0.0,0.0,0.0,0.0,0.0,0.0,271305.0842,271305.0842,271305.0842,271305.0842,0.0,353.845193,1.0,1.0,48.0,48.0,0.0,0.0,0.0,0.0,0.0,0.0,271305.0842,271305.0842,271305.0842,271305.0842,0.0,0.0,0.0,0.0,0.0,0.0,0,0,0
Thing_Speak,0.019563,2,2,2,2,102.232774,102.232774,204.465547,1.0,16,8,8,16,8,8,0,0,0,0,0,0,0,0,0,36,36,72,36.0,0.0,36,68,104,52.0,22.627417,36,68,176,44.0,16.0,1125.097275,1125.097275,1125.097275,1125.097275,0.0,18235.2066,18235.2066,18235.2066,18235.2066,0.0,202.894211,18235.2066,19563.19809,6521.06603,10155.21697,8996.484070999999,2.0,2.0,72.0,104.0,0.0,0.0,0.0,0.0,0.0,0.0,19563.19809,19563.19809,19563.19809,19563.19809,0.0,0.0,0.0,0.0,0.0,0.0,0,0,0
Thing_Speak,0.019661,2,2,2,2,101.724486,101.724486,203.448972,1.0,16,8,8,16,8,8,0,0,0,0,0,0,0,0,0,36,36,72,36.0,0.0,36,68,104,52.0,22.627417,36,68,176,44.0,16.0,241.041183,241.041183,241.041183,241.041183,0.0,18383.02612,18383.02612,18383.02612,18383.02612,0.0,241.041183,18383.02612,19660.94971,6553.649902,10252.26546,8951.754754000001,2.0,2.0,72.0,104.0,0.0,0.0,0.0,0.0,0.0,0.0,19660.94971,19660.94971,19660.94971,19660.94971,0.0,0.0,0.0,0.0,0.0,0.0,0,0,0
Thing_Speak,0.692425,8,6,2,2,11.553598,8.665198,20.218796,0.75,264,32,40,200,32,40,2,2,0,2,2,13,0,0,0,0,169,203,25.375,59.240279,0,535,539,89.833333,218.092106,0,535,742,53.0,145.874551,91.075897,247838.0203,694108.963,99158.42329,123170.7169,66.041946,223808.0502,471788.8832,94357.77664,116841.3507,66.041946,220636.1294,694108.963,53392.99716,94868.43624,1071.596182,8.0,6.0,203.0,539.0,0.0,0.0,0.0,0.0,0.0,0.0,694108.963,694108.963,694108.963,694108.963,0.0,0.0,0.0,0.0,0.0,0.0,64240,26847,501
Thing_Speak,0.020237,2,2,2,2,98.829029,98.829029,197.658058,1.0,16,8,8,16,8,8,0,0,0,0,0,0,0,0,0,36,36,72,36.0,0.0,36,68,104,52.0,22.627417,36,68,176,44.0,16.0,1066.923141,1066.923141,1066.923141,1066.923141,0.0,18817.90161,18817.90161,18817.90161,18817.90161,0.0,352.144241,18817.90161,20236.96899,6745.656331,10460.977809999998,8696.954571,2.0,2.0,72.0,104.0,0.0,0.0,0.0,0.0,0.0,0.0,20236.96899,20236.96899,20236.96899,20236.96899,0.0,0.0,0.0,0.0,0.0,0.0,0,0,0
Thing_Speak,1.328667,14,11,3,8,10.536877,8.278975,18.815852,0.785714,432,20,40,360,32,40,2,2,2,3,5,22,0,0,0,0,517,840,60.0,144.534798,0,1408,6129,557.181818,662.34218,0,1408,6969,278.76,507.495261,213.861465,255173.9216,1331156.015,102396.6166,117921.7485,66.995621,331876.9932,1095873.833,109587.3833,142458.4717,66.995621,252624.0349,1331156.015,55464.83398,98371.01424,5245.106856,14.0,11.0,840.0,6129.0,0.0,0.0,0.0,0.0,0.0,0.0,1331156.015,1331156.015,1331156.015,1331156.015,0.0,0.0,0.0,0.0,0.0,0.0,64240,26847,0
Thing_Speak,0.725596,7,5,2,1,9.647239,6.890885000000001,16.538124,0.714286,232,32,40,168,32,40,2,2,0,2,1,11,0,0,0,0,169,215,30.714286,63.34223000000001,0,539,539,107.8,241.048128,0,539,754,62.833333,157.77477199999998,90.837479,255417.1085,727583.1699,121263.8617,132009.4726,92.029572,235830.0686,491593.1225,122898.2806,130604.5066,90.837479,234003.067,727583.1699,66143.92453999999,107366.3997,1039.145479,7.0,5.0,215.0,539.0,0.0,0.0,0.0,0.0,0.0,0.0,727583.1699,727583.1699,727583.1699,727583.1699,0.0,0.0,0.0,0.0,0.0,0.0,64240,26847,501
Thing_Speak,0.927926,7,5,2,1,7.543703999999999,5.38836,12.932065,0.714286,232,32,40,168,32,40,2,2,0,2,1,11,0,0,0,0,169,215,30.714286,63.34223000000001,0,538,538,107.6,240.600914,0,538,753,62.75,157.50043300000002,246.047974,361253.0231,932540.1783,155423.3631,171915.70899999997,256.061554,285393.9533,646292.9249,161573.2312,145900.4908,246.047974,281633.1387,932540.1783,84776.37985,128173.423,811.487067,7.0,5.0,215.0,538.0,0.0,0.0,0.0,0.0,0.0,0.0,932540.1783,932540.1783,932540.1783,932540.1783,0.0,0.0,0.0,0.0,0.0,0.0,64240,26847,501
Wipro_bulb,0.639146,10,11,5,4,15.645875,17.210463,32.856338,1.1,204,20,24,224,20,24,2,2,2,5,4,20,0,0,0,0,357,808,80.8,120.888194,0,405,717,65.181818,123.869139,0,405,1525,72.61904799999998,119.632553,401.973724,108870.0294,715970.0394,79552.22659600001,44843.11844,57.935715,107686.9965,620583.0574,62058.30574,52526.02233,57.935715,89725.01755,715970.0394,35798.501968000004,36619.46683,2385.99598,10.0,11.0,808.0,717.0,0.0,0.0,0.0,0.0,0.0,0.0,715970.0394,715970.0394,715970.0394,715970.0394,0.0,0.0,0.0,0.0,0.0,0.0,4380,65535,4380
Wipro_bulb,0.640534,11,11,5,4,17.173173000000002,17.173173000000002,34.346346000000004,1.0,224,20,24,224,20,24,2,2,2,5,4,21,0,0,0,0,357,808,73.454545,117.243647,0,405,717,65.181818,123.869139,0,405,1525,69.318182,117.771525,247.001648,109066.0095,714936.018,71493.6018,48772.76747,52.928925,108219.862,620623.827,62062.3827,51831.21136,52.928925,86241.96053,714936.018,34044.57229,34919.38815,2380.82628,11.0,11.0,808.0,717.0,0.0,0.0,0.0,0.0,0.0,0.0,714936.018,714936.018,714936.018,714936.018,0.0,0.0,0.0,0.0,0.0,0.0,4380,65535,4380
Wipro_bulb,0.000161,0,2,0,1,0.0,12409.18343,12409.18343,0.0,0,0,0,40,20,20,1,0,0,0,1,2,0,0,0,0,0,0,0.0,0.0,0,91,91,45.5,64.346717,0,91,91,45.5,64.346717,0.0,0.0,0.0,0.0,0.0,161.170959,161.170959,161.170959,161.170959,0.0,161.170959,161.170959,161.170959,161.170959,0.0,564617.8462,0.0,2.0,0.0,91.0,0.0,0.0,0.0,0.0,0.0,0.0,161.170959,161.170959,161.170959,161.170959,0.0,0.0,0.0,0.0,0.0,0.0,0,4356,0
Wipro_bulb,0.00012,2,0,2,0,16677.15308,0.0,16677.15308,0.0,16,8,8,0,0,0,0,0,0,0,0,0,0,0,0,109,109,218,109.0,0.0,0,0,0,0.0,0.0,109,109,218,109.0,0.0,119.924545,119.924545,119.924545,119.924545,0.0,0.0,0.0,0.0,0.0,0.0,119.924545,119.924545,119.924545,119.924545,0.0,1817809.686,2.0,0.0,218.0,0.0,0.0,0.0,0.0,0.0,0.0,0.0,119.924545,119.924545,119.924545,119.924545,0.0,0.0,0.0,0.0,0.0,0.0,0,0,0
Wipro_bulb,6950.994837,398,265,196,243,0.057258,0.038124,0.095382,0.665829,7960,20,20,5300,20,20,0,0,1,196,243,663,0,0,0,0,197,22980,57.73869300000001,70.89583,0,1172,24171,91.211321,107.426052,0,1172,47151,71.11764699999998,88.80117,355.005264,154615968.9,6950994837.045671,17508803.12,25382655.02,120.87822,154167578.0,6950443878.889085,26327438.94,27383181.43,120.87822,154088527.9,6950994837.045671,10499992.2,21398084.66,6.783346000000001,1.941463,1.292683,112.097561,117.907317,1363.0,0.0,7.0,0.0,2409.885472,0.0,62276.84021,12478163.0,175084466.2,1122336.322,2074102.562,5619874.954,154088527.9,6775910370.826721,43435322.88991501,22862286.28,3303,4025,4380
Wipro_bulb,0.600986,11,11,5,4,18.303255,18.303255,36.60651,1.0,224,20,24,224,20,24,2,2,2,5,4,21,0,0,0,0,357,712,64.727273,107.69131000000002,0,325,637,57.909091,102.412357,0,357,1349,61.31818199999999,102.611791,249.862671,130084.9915,707397.9378,70739.79378,52933.12275,59.127808,129920.0058,583110.0941,58311.00940700001,53260.23124,59.127808,112596.035,707397.9378,33685.61609,39083.5012,2244.64462,11.0,11.0,712.0,637.0,0.0,0.0,0.0,0.0,0.0,0.0,707397.9378,707397.9378,707397.9378,707397.9378,0.0,0.0,0.0,0.0,0.0,0.0,4380,65535,4380
Wipro_bulb,3.097755,14,14,6,6,4.519402,4.519402,9.038803,1.0,284,20,24,284,20,24,2,2,2,6,5,27,0,0,0,0,805,1709,122.071429,230.198732,0,1420,2839,202.785714,453.33655,0,1420,4548,162.428571,355.182523,237.941742,1864853.144,3434840.202,264218.4771,496549.0644,27.179718,1864047.05,3059820.175,235370.7827,497163.3656,27.179718,1825911.9987490005,3434840.202,127216.3038,347824.7028,1468.159914,7.0,7.0,854.5,1419.5,0.0,0.0,0.0,0.0,0.0,0.0,3434840.202,3434840.202,3434840.202,3434840.202,0.0,0.0,0.0,0.0,0.0,0.0,4380,65535,4380
Wipro_bulb,0.665971,10,11,5,4,15.015668,16.517235,31.532903000000005,1.1,204,20,24,224,20,24,2,2,2,5,4,20,0,0,0,0,357,808,80.8,120.888194,0,405,717,65.181818,123.869139,0,405,1525,72.61904799999998,119.632553,395.059586,110352.99301099998,717423.9159,79713.76843,44798.77326,59.127808,111989.975,608038.187,60803.8187,50849.16021,59.127808,63897.84813,717423.9159,35871.19579,23458.20813,2289.88936,10.0,11.0,808.0,717.0,0.0,0.0,0.0,0.0,0.0,0.0,717423.9159,717423.9159,717423.9159,717423.9159,0.0,0.0,0.0,0.0,0.0,0.0,4380,65535,4380
Wipro_bulb,0.021565,1,1,1,1,46.37152,46.37152,92.74304,1.0,8,8,8,8,8,8,0,0,0,0,0,0,0,0,0,31,31,31,31.0,0.0,153,153,153,153.0,0.0,31,153,184,92.0,86.267027,0.0,0.0,0.0,0.0,0.0,0.0,0.0,0.0,0.0,0.0,21564.96048,21564.96048,21564.96048,21564.96048,0.0,8532.359713,1.0,1.0,31.0,153.0,0.0,0.0,0.0,0.0,0.0,0.0,21564.96048,21564.96048,21564.96048,21564.96048,0.0,0.0,0.0,0.0,0.0,0.0,0,0,0
Wipro_bulb,0.751158,10,11,5,4,13.312778,14.644056,27.956835,1.1,204,20,24,224,20,24,2,2,2,5,4,20,0,0,0,0,373,728,72.8,115.826307,0,453,765,69.545455,137.168775,0,453,1493,71.095238,124.287934,230.073929,149426.9371,852627.039,94736.33766,56803.99439,57.935715,155050.99296600002,711619.854,71161.9854,62001.56428,57.935715,111699.1043,852627.039,42631.35195,34929.767244999995,1987.597818,10.0,11.0,728.0,765.0,0.0,0.0,0.0,0.0,0.0,0.0,852627.039,852627.039,852627.039,852627.039,0.0,0.0,0.0,0.0,0.0,0.0,4380,65535,4380
Wipro_bulb,1.040373,10,11,5,4,9.611939,10.573133,20.185071,1.1,204,20,24,224,20,24,2,2,2,5,4,20,0,0,0,0,357,712,71.2,111.238283,0,325,637,57.909091,102.412357,0,357,1349,64.238095,104.205041,217.914581,233038.9023,1162769.794,129196.6438,85089.8377,50.067902,223505.9738,1000368.834,100036.8834,93820.52542,50.067902,187211.0367,1162769.794,58138.48972,61340.48346,1296.650525,10.0,11.0,712.0,637.0,0.0,0.0,0.0,0.0,0.0,0.0,1162769.794,1162769.794,1162769.794,1162769.794,0.0,0.0,0.0,0.0,0.0,0.0,4380,65535,4380
Wipro_bulb,42.635743,34,27,18,21,0.797453,0.633271,1.430724,0.794118,684,20,24,544,20,24,2,2,6,18,21,60,0,0,0,0,453,2932,86.235294,105.470105,0,213,1842,68.222222,54.559307,0,453,4774,78.262295,86.541686,1591.920853,31254637.0,42635742.9,1291992.209,5404102.404,195.026398,31585293.05,40917434.93080101,1573747.497,6146762.168,195.026398,31254637.0,42635742.9,710595.715,4028357.431,111.971779,6.8,5.4,586.4,368.4,0.0,0.0,0.0,0.0,0.0,0.0,1757935.047,9623170.853,11381105.9,5690552.949905002,5561561.5737080015,31254637.0,31254637.0,31254637.0,31254637.0,0.0,4380,4096,4380
Wipro_bulb,53.600579,11,14,5,7,0.205222,0.261191,0.466413,1.272727,224,20,24,284,20,24,1,2,2,5,7,24,0,0,0,0,213,520,47.272727,67.032963,0,293,1488,106.28571399999998,130.861306,0,293,2008,80.32,109.735941,12435.91309,36431433.92,53613014.94,5361301.493644998,11766984.44,138.998032,37567698.96,53546950.81710801,4118996.217,10271284.81,138.998032,36401723.86,53613014.94,2233875.622,7464041.79,37.462282,1.833333,2.333333,86.666667,248.0,0.0,0.0,0.0,0.0,0.0,0.0,42145.96748,8579159.021,9787280.083,3262426.694,4638585.987,7424010.992,36401723.86,43825734.85,21912867.43,20490337.27,4380,26883,4380
Wipro_bulb,425.797309,30,22,18,15,0.070456,0.0516679999999999,0.122124,0.733333,604,20,24,444,20,24,2,2,1,18,15,50,0,0,0,0,597,2388,79.6,118.541598,0,148,1136,51.636364,39.89217100000001,0,597,3524,67.769231,94.022862,4026.889801,113545576.1,425797308.9,14682665.82,28387150.8,220.06034900000003,113760883.80813602,425791795.0,20275799.76,31914455.74,220.06034900000003,113470022.9,425815110.0,8349315.881728998,22467377.86,8.276238000000001,2.727273,2.0,217.090909,103.272727,0.0,0.0,0.0,0.0,0.0,0.0,21827.93617,6062123.06,7407108.307,823012.0340979998,1967103.888,8766248.941,113470022.9,418408001.66130096,52301000.21,31399140.494578004,4380,2048,3312
Wipro_bulb,653.950354,44,31,23,27,0.067283,0.047404,0.114688,0.704545,884,20,24,624,20,24,2,2,1,23,27,74,0,0,0,0,357,2621,59.56818199999999,79.21839,0,213,2339,75.451613,49.493325,0,357,4960,66.133333,68.568832,806.093216,106578453.1,654218350.8872992,15214380.253192997,27770896.7,231.981277,106779902.9,653922871.8,21797429.06,31229942.05,231.981277,106578453.1,654218350.8872992,8840788.525503999,22334074.39,7.5846740000000015,3.142857,2.214286,187.214286,167.071429,0.0,0.0,0.0,0.0,0.0,0.0,79756.0215,8050674.915,13305330.51,1108777.543,2246629.267,9597996.95,106578453.1,640913020.4,58264820.03,22001015.11,4380,4096,4380
Wipro_bulb,0.647142,10,11,5,4,15.452561,16.997817,32.450377,1.1,204,20,24,224,20,24,2,2,2,5,4,20,0,0,0,0,373,728,72.8,115.826307,0,453,765,69.545455,137.168775,0,453,1493,71.095238,124.287934,671.8635559999999,159486.0554,798275.9476,88697.32751,58304.29195,52.928925,154206.0375,628720.0450899999,62872.00450900001,59219.61044,52.928925,142157.0778,798275.9476,39913.79738,46806.92445,2307.067311,10.0,11.0,728.0,765.0,0.0,0.0,0.0,0.0,0.0,0.0,798275.9476,798275.9476,798275.9476,798275.9476,0.0,0.0,0.0,0.0,0.0,0.0,4380,65535,4380
Wipro_bulb,0.021285,1,1,1,1,46.981843,46.981843,93.963685,1.0,8,8,8,8,8,8,0,0,0,0,0,0,0,0,0,31,31,31,31.0,0.0,153,153,153,153.0,0.0,31,153,184,92.0,86.267027,0.0,0.0,0.0,0.0,0.0,0.0,0.0,0.0,0.0,0.0,21284.81865,21284.81865,21284.81865,21284.81865,0.0,8644.659042,1.0,1.0,31.0,153.0,0.0,0.0,0.0,0.0,0.0,0.0,21284.81865,21284.81865,21284.81865,21284.81865,0.0,0.0,0.0,0.0,0.0,0.0,0,0,0
Wipro_bulb,3.027287,9,11,5,4,2.972959,3.633616,6.606575,1.222222,184,20,24,224,20,24,2,2,0,5,4,19,0,0,0,0,213,520,57.77777800000001,70.242042,0,293,833,75.727273,118.841988,0,293,1353,67.65,97.952875,23379.8027,2050647.02,3095890.999,386986.3749,681199.5396,149.011612,1094004.869,3000124.931,300012.4931,405471.1943,149.011612,1066856.861,3095890.999,162941.6315,310386.766,446.934829,4.5,5.5,260.0,416.5,0.0,0.0,0.0,0.0,0.0,0.0,3095890.999,3095890.999,3095890.999,3095890.999,0.0,0.0,0.0,0.0,0.0,0.0,4380,26883,3839
Wipro_bulb,0.632247,10,11,5,4,15.816604000000002,17.398264,33.214868,1.1,204,20,24,224,20,24,2,2,2,5,4,20,0,0,0,0,357,808,80.8,120.888194,0,421,733,66.636364,128.274138,0,421,1541,73.38095200000002,121.884977,283.002853,108963.9664,711034.0595,79003.78439,44662.009,51.97525,106297.9698,614537.9543,61453.79543300001,50862.24957,51.97525,89184.99947,711034.0595,35551.70298,36168.01688,2437.338683,10.0,11.0,808.0,733.0,0.0,0.0,0.0,0.0,0.0,0.0,711034.0595,711034.0595,711034.0595,711034.0595,0.0,0.0,0.0,0.0,0.0,0.0,4380,65535,4380
Wipro_bulb,0.025321,1,1,1,1,39.4929,39.4929,78.985801,1.0,8,8,8,8,8,8,0,0,0,0,0,0,0,0,0,31,31,31,31.0,0.0,153,153,153,153.0,0.0,31,153,184,92.0,86.267027,0.0,0.0,0.0,0.0,0.0,0.0,0.0,0.0,0.0,0.0,25321.00678,25321.00678,25321.00678,25321.00678,0.0,7266.693684000002,1.0,1.0,31.0,153.0,0.0,0.0,0.0,0.0,0.0,0.0,25321.00678,25321.00678,25321.00678,25321.00678,0.0,0.0,0.0,0.0,0.0,0.0,0,0,0
Wipro_bulb,9.268479,3,0,3,0,0.323678,0.0,0.323678,0.0,24,8,8,0,0,0,0,0,0,0,0,0,0,0,0,172,172,516,172.0,0.0,0,0,0,0.0,0.0,172,172,516,172.0,0.0,4255896.091,5012583.017,9268479.109,4634239.554,535058.4565310001,0.0,0.0,0.0,0.0,0.0,4255896.091,5012583.017,9268479.109,4634239.554,535058.4565310001,55.672564,1.0,0.0,172.0,0.0,0.0,0.0,0.0,0.0,0.0,0.0,4255896.091,4255896.091,4255896.091,4255896.091,0.0,5012583.017,5012583.017,5012583.017,5012583.017,0.0,0,0,0
Wipro_bulb,0.021042,1,1,1,1,47.524293,47.524293,95.048586,1.0,8,8,8,8,8,8,0,0,0,0,0,0,0,0,0,31,31,31,31.0,0.0,153,153,153,153.0,0.0,31,153,184,92.0,86.267027,0.0,0.0,0.0,0.0,0.0,0.0,0.0,0.0,0.0,0.0,21041.87012,21041.87012,21041.87012,21041.87012,0.0,8744.469906,1.0,1.0,31.0,153.0,0.0,0.0,0.0,0.0,0.0,0.0,21041.87012,21041.87012,21041.87012,21041.87012,0.0,0.0,0.0,0.0,0.0,0.0,0,0,0
Wipro_bulb,0.803326,10,11,5,4,12.448244,13.693069,26.141313,1.1,204,20,24,224,20,24,2,2,2,5,4,20,0,0,0,0,357,808,80.8,120.888194,0,405,717,65.181818,123.869139,0,405,1525,72.61904799999998,119.632553,336.1701970000001,201280.117,912237.1674,101359.6853,70546.99878,50.067902,155668.02024800002,695418.1194310001,69541.81194,61124.88235299999,50.067902,108574.8672,912237.1674,45611.85837,36514.65486,1898.357271,10.0,11.0,808.0,717.0,0.0,0.0,0.0,0.0,0.0,0.0,912237.1674,912237.1674,912237.1674,912237.1674,0.0,0.0,0.0,0.0,0.0,0.0,4380,65535,4380
Wipro_bulb,0.6326609999999999,10,11,5,4,15.806257,17.386882,33.193139,1.1,204,20,24,224,20,24,2,2,2,5,4,20,0,0,0,0,357,712,71.2,111.238283,0,325,637,57.909091,102.412357,0,357,1349,64.238095,104.205041,450.849533,128149.9863,724944.8299,80549.42555,47209.09429,46.014786,115828.9909,596021.8906,59602.18906,50419.46342,46.014786,91833.11462,724944.8299,36247.2415,27765.23603,2132.264018,10.0,11.0,712.0,637.0,0.0,0.0,0.0,0.0,0.0,0.0,724944.8299,724944.8299,724944.8299,724944.8299,0.0,0.0,0.0,0.0,0.0,0.0,4380,65535,4380
Wipro_bulb,0.637269,10,11,5,4,15.69196,17.261156,32.953115999999994,1.1,204,20,24,224,20,24,2,2,2,5,4,20,0,0,0,0,357,808,80.8,120.888194,0,405,717,65.181818,123.869139,0,405,1525,72.61904799999998,119.632553,262.97569300000004,109138.0119,715785.9802,79531.77558,45073.91816,49.829483,107331.9912,619474.8878479999,61947.48879,52442.88042,49.829483,89159.01184,715785.9802,35789.29901,37017.08269,2393.023907,10.0,11.0,808.0,717.0,0.0,0.0,0.0,0.0,0.0,0.0,715785.9802,715785.9802,715785.9802,715785.9802,0.0,0.0,0.0,0.0,0.0,0.0,4380,65535,4380
Wipro_bulb,1.437294,13,14,5,7,9.044774,9.740526,18.785301,1.076923,264,20,24,284,20,24,2,2,2,5,6,26,0,0,0,0,741,1304,100.307692,214.375599,0,1420,2991,213.642857,449.9136,0,1420,4295,159.074074,354.615493,198.125839,383360.1475,1623659.134,135304.9278,133585.9278,38.862228,379455.0896,1399829.8645020002,107679.2203,112635.2551,38.862228,347499.1322,1623659.134,62448.42823,83735.96559,2988.254304,13.0,14.0,1304.0,2991.0,0.0,0.0,0.0,0.0,0.0,0.0,1623659.134,1623659.134,1623659.134,1623659.134,0.0,0.0,0.0,0.0,0.0,0.0,4380,65535,4380
Wipro_bulb,0.855658,10,11,5,4,11.686912,12.855603,24.542514,1.1,204,20,24,224,20,24,2,2,2,5,4,20,0,0,0,0,373,728,72.8,115.826307,0,293,605,55.0,94.191295,0,373,1333,63.47619,102.742698,324.964523,176768.0645,996567.9646,110729.77383900002,66733.23125,50.783157,153056.14471400002,815632.1049,81563.21049,69645.41254,50.783157,140083.0746,996567.9646,49828.39823,47594.48595,1557.86531,10.0,11.0,728.0,605.0,0.0,0.0,0.0,0.0,0.0,0.0,996567.9646,996567.9646,996567.9646,996567.9646,0.0,0.0,0.0,0.0,0.0,0.0,4380,65535,4380
Wipro_bulb,0.024502,1,1,1,1,40.81293,40.81293,81.62586,1.0,8,8,8,8,8,8,0,0,0,0,0,0,0,0,0,32,32,32,32.0,0.0,64,64,64,64.0,0.0,32,64,96,48.0,22.627417,0.0,0.0,0.0,0.0,0.0,0.0,0.0,0.0,0.0,0.0,24502.03896,24502.03896,24502.03896,24502.03896,0.0,3918.041277,1.0,1.0,32.0,64.0,0.0,0.0,0.0,0.0,0.0,0.0,24502.03896,24502.03896,24502.03896,24502.03896,0.0,0.0,0.0,0.0,0.0,0.0,0,0,0
